id,Label
0,Os05g0104900
1,Os05g0119300
2,Os07g0603800
3,Os01g0785700
4,Os05g0218400
5,Os04g0169100
6,Os03g0250000
7,Os03g0192550
8,Os04g0692400
9,Os02g0755900
10,Os01g0807800
11,Os05g0456500
12,Os01g0839100
13,Os03g0223000
14,Os04g0618200
15,Os03g0599000
16,Os02g0590700
17,Os06g0692100
18,Os08g0307601
19,Os05g0561600
20,Os01g0327100
21,Os01g0622500
22,Os06g0597000
23,Os02g0827200
24,Os11g0244100
25,Os07g0573900
26,Os01g0337500
27,Os06g0134800
28,Os01g0949800
29,Os01g0846400
30,Os01g0270300
31,Os01g0666000
32,Os08g0562300
33,Os02g0819500
34,Os07g0483500
35,Os06g0286400
36,Os05g0502200
37,Os07g0558100
38,Os11g0592800
39,Os03g0386000
40,Os05g0516700
41,Os02g0822000
42,Os08g0434100
43,Os05g0452500
44,Os01g0691050
45,Os03g0227800
46,Os03g0685300
47,Os04g0655100
48,Os09g0562600
49,Os01g0772400
50,Os09g0572400
51,Os04g0444300
52,Os03g0224200
53,Os02g0100600
54,Os09g0322500
55,Os05g0387700
56,Os02g0125200
57,Os03g0205000
58,Os01g0616300
59,Os06g0505700
60,Os03g0722500
61,Os01g0285300
62,Os01g0631700
63,Os10g0492900
64,Os02g0753500
65,Os01g0716500
66,Os06g0320000
67,Os08g0270800
68,Os02g0166200
69,Os10g0580400
70,Os09g0394600
71,Os10g0159700
72,Os07g0546200
73,Os07g0639000
74,Os11g0618600
75,Os07g0227600
76,Os11g0291475
77,Os01g0920200
78,Os03g0707200
79,Os11g0531700
80,Os02g0778400
81,Os06g0543200
82,Os04g0556500
83,Os05g0500200
84,Os01g0935600
85,Os12g0562100
86,Os08g0376550
87,Os05g0147200
88,Os03g0327100
89,Os01g0766300
90,Os03g0374400
91,Os01g0646800
92,Os03g0356414
93,Os02g0595700
94,Os07g0461900
95,Os01g0183000
96,Os01g0626400
97,Os02g0467600
98,Os08g0558100
99,Os09g0440300
100,Os01g0178700
101,Os01g0620800
102,Os10g0109600
103,Os04g0175300
104,Os02g0767800
105,Os02g0675800
106,Os10g0495900
107,Os03g0432900
108,Os12g0149900
109,Os08g0170700
110,Os07g0563400
111,Os03g0271600
112,Os01g0295700
113,Os03g0734200
114,Os07g0530600
115,Os04g0609200
116,Os04g0674450
117,Os07g0158500
118,Os06g0225800
119,Os03g0238300
120,Os03g0795000
121,Os01g0895300
122,Os10g0555100
123,Os02g0736400
124,Os06g0115700
125,Os01g0688600
126,Os07g0187400
127,Os05g0402300
128,Os08g0232100
129,Os01g0788200
130,Os09g0456200
131,Os03g0847851
132,Os12g0618600
133,Os10g0527800
134,Os12g0586000
135,Os02g0194100
136,Os07g0118300
137,Os12g0112000
138,Os02g0761600
139,Os04g0105100
140,Os07g0516300
141,Os10g0362700
142,Os04g0442100
143,Os03g0818100
144,Os01g0844500
145,Os06g0475500
146,Os04g0693400
147,Os09g0538400
148,Os06g0689483
149,Os04g0675000
150,Os07g0519300
151,Os10g0513200
152,Os05g0484800
153,Os06g0246500
154,Os08g0564300
155,Os10g0124150
156,Os01g0719100
157,Os06g0332400
158,Os01g0234900
159,Os05g0529000
160,Os03g0177000
161,Os07g0537400
162,Os07g0438700
163,Os02g0827500
164,Os03g0324200
165,Os07g0231500
166,Os01g0232500
167,Os02g0510600
168,Os11g0621500
169,Os03g0765800
170,Os03g0440900
171,Os05g0563900
172,Os04g0679000
173,Os11g0162700
174,Os08g0201100
175,Os01g0305200
176,Os03g0781700
177,Os09g0511300
178,Os03g0169900
179,Os02g0186800
180,Os09g0489500
181,Os04g0445050
182,Os07g0245100
183,Os02g0221600
184,Os01g0558100
185,Os01g0534900
186,Os02g0712500
187,Os06g0716100
188,Os05g0208550
189,Os01g0732801
190,Os01g0167400
191,Os09g0452200
192,Os12g0158700
193,Os03g0786000
194,Os10g0450800
195,Os03g0114800
196,Os02g0824500
197,Os07g0170016
198,Os09g0365900
199,Os01g0304400
200,Os05g0479800
201,Os12g0147800
202,Os04g0400700
203,Os04g0535200
204,Os03g0820300
205,Os03g0406900
206,Os12g0131100
207,Os05g0577500
208,Os02g0700500
209,Os11g0147800
210,Os06g0567200
211,Os01g0803900
212,Os04g0542800
213,Os07g0669650
214,Os10g0187500
215,Os11g0183900
216,Os01g0528800
217,Os01g0955700
218,Os05g0148900
219,Os06g0147300
220,Os03g0254900
221,Os06g0671800
222,Os01g0652300
223,Os03g0704700
224,Os03g0801900
225,Os02g0261100
226,Os12g0541300
227,Os01g0875700
228,Os01g0511100
229,Os03g0152100
230,Os04g0463500
231,Os08g0428100
232,Os02g0758200
233,Os04g0583700
234,Os08g0508800
235,Os05g0151300
236,Os03g0858800
237,Os01g0121500
238,Os01g0784500
239,Os02g0812500
240,Os03g0123800
241,Os06g0690100
242,Os08g0395800
243,Os07g0588400
244,Os02g0783100
245,Os08g0481400
246,Os02g0300700
247,Os08g0550400
248,Os05g0346800
249,Os03g0327800
250,Os03g0340900
251,Os05g0557100
252,Os03g0132000
253,Os02g0592400
254,Os04g0460350
255,Os03g0792800
256,Os02g0150600
257,Os05g0163900
258,Os01g0921300
259,Os07g0624600
260,Os12g0165700
261,Os04g0452100
262,Os12g0198400
263,Os06g0470000
264,Os05g0367400
265,Os04g0653000
266,Os07g0656900
267,Os06g0676300
268,Os02g0489400
269,Os11g0676800
270,Os09g0327800
271,Os05g0585500
272,Os08g0197500
273,Os08g0173600
274,Os12g0163700
275,Os07g0249100
276,Os11g0270000
277,Os01g0902300
278,Os01g0192300
279,Os01g0727700
280,Os07g0181500
281,Os03g0313300
282,Os07g0606900
283,Os06g0225300
284,Os11g0168600
285,Os02g0653400
286,Os01g0357900
287,Os06g0334100
288,Os06g0193300
289,Os05g0362100
290,Os02g0697300
291,Os11g0224900
292,Os02g0519700
293,Os02g0718600
294,Os08g0206400
295,Os02g0699000
296,Os03g0761100
297,Os06g0600700
298,Os04g0532100
299,Os03g0137200
300,Os01g0669100
301,Os05g0588900
302,Os03g0720300
303,Os02g0193300
304,Os01g0924400
305,Os05g0324700
306,Os01g0720700
307,Os05g0205000
308,Os01g0105900
309,Os01g0644900
310,Os04g0196600
311,Os06g0673300
312,Os01g0106900
313,Os02g0208400
314,Os04g0530500
315,Os05g0563000
316,Os05g0214100
317,Os04g0600000
318,Os09g0484800
319,Os01g0362000
320,Os01g0699400
321,Os08g0482700
322,Os02g0656200
323,Os03g0275100
324,Os03g0438100
325,Os01g0500600
326,Os05g0560200
327,Os06g0142200
328,Os01g0794500
329,Os12g0539750
330,Os02g0537500
331,Os01g0907200
332,Os11g0135900
333,Os10g0199500
334,Os02g0122500
335,Os09g0408900
336,Os01g0668600
337,Os02g0527300
338,Os08g0476100
339,Os12g0159000
340,Os03g0180800
341,Os06g0494000
342,Os10g0132500
343,Os07g0154100
344,Os10g0177200
345,Os03g0119300
346,Os06g0214850
347,Os05g0514600
348,Os01g0532300
349,Os03g0136500
350,Os02g0226350
351,Os11g0490100
352,Os01g0685400
353,Os05g0401100
354,Os10g0401000
355,Os03g0628800
356,Os03g0693400
357,Os02g0764700
358,Os06g0588800
359,Os01g0186000
360,Os01g0650800
361,Os07g0688200
362,Os08g0391000
363,Os11g0661900
364,Os01g0256500
365,Os03g0853200
366,Os11g0257700
367,Os01g0860800
368,Os02g0291400
369,Os04g0182200
370,Os01g0859100
371,Os12g0489400
372,Os02g0566400
373,Os05g0402900
374,Os10g0101200
375,Os11g0702700
376,Os08g0508100
377,Os01g0132000
378,Os05g0231100
379,Os01g0959800
380,Os02g0707200
381,Os07g0685800
382,Os03g0591700
383,Os06g0166900
384,Os05g0549800
385,Os11g0669100
386,Os02g0549700
387,Os02g0332800
388,Os02g0166600
389,Os08g0545500
390,Os03g0170900
391,Os02g0638900
392,Os05g0315200
393,Os04g0665200
394,Os01g0284900
395,Os02g0513000
396,Os11g0274700
397,Os01g0966100
398,Os07g0693600
399,Os07g0150100
400,Os08g0141400
401,Os01g0583100
402,Os03g0316200
403,Os06g0549600
404,Os09g0418000
405,Os01g0837800
406,Os03g0826900
407,Os01g0128250
408,Os06g0654900
409,Os09g0556200
410,Os01g0160800
411,Os03g0674600
412,Os03g0302200
413,Os08g0543900
414,Os11g0576900
415,Os03g0598700
416,Os03g0315400
417,Os12g0478200
418,Os05g0129300
419,Os07g0602900
420,Os06g0655500
421,Os02g0509600
422,Os03g0431200
423,Os02g0540700
424,Os07g0677300
425,Os03g0237100
426,Os06g0229200
427,Os05g0243200
428,Os02g0822500
429,Os01g0672800
430,Os11g0536400
431,Os10g0364900
432,Os06g0208700
433,Os06g0268500
434,Os05g0578100
435,Os01g0870100
436,Os01g0149500
437,Os01g0272600
438,Os01g0874300
439,Os04g0607100
440,Os01g0915000
441,Os06g0641866
442,Os08g0563200
443,Os07g0689800
444,Os01g0124200
445,Os02g0461100
446,Os09g0572700
447,Os05g0381400
448,Os05g0137300
449,Os01g0783200
450,Os06g0541600
451,Os09g0387150
452,Os11g0113700
453,Os03g0225900
454,Os04g0636200
455,Os01g0383700
456,Os06g0636600
457,Os06g0199400
458,Os06g0639100
459,Os02g0743200
460,Os01g0925100
461,Os05g0389400
462,Os06g0719500
463,Os07g0586900
464,Os01g0142500
465,Os02g0191800
466,Os08g0512400
467,Os05g0495300
468,Os02g0115900
469,Os01g0676900
470,Os09g0470500
471,Os11g0498600
472,Os03g0729200
473,Os01g0183300
474,Os06g0714900
475,Os10g0478300
476,Os04g0639000
477,Os08g0476300
478,Os04g0485400
479,Os03g0850900
480,Os05g0414700
481,Os02g0281000
482,Os01g0571300
483,Os01g0667900
484,Os09g0327600
485,Os11g0582100
486,Os10g0130800
487,Os05g0499300
488,Os11g0153300
489,Os01g0769000
490,Os03g0126000
491,Os06g0651200
492,Os04g0492800
493,Os10g0555200
494,Os02g0525600
495,Os01g0185900
496,Os01g0871500
497,Os08g0128300
498,Os04g0684500
499,Os12g0174000
500,Os03g0781300
501,Os04g0514600
502,Os03g0164100
503,Os01g0684900
504,Os04g0540200
505,Os01g0881500
506,Os03g0351300
507,Os05g0595300
508,Os02g0284800
509,Os04g0358000
510,Os03g0738600
511,Os04g0669900
512,Os03g0818200
513,Os09g0444600
514,Os01g0197100
515,Os10g0345100
516,Os08g0462900
517,Os01g0742400
518,Os11g0557800
519,Os09g0284400
520,Os02g0313700
521,Os01g0975000
522,Os01g0201250
523,Os05g0365300
524,Os05g0568600
525,Os01g0658900
526,Os05g0526300
527,Os10g0390701
528,Os12g0157066
529,Os11g0672400
530,Os05g0537400
531,Os07g0472100
532,Os05g0560600
533,Os04g0597600
534,Os03g0669300
535,Os10g0205300
536,Os03g0133000
537,Os07g0265100
538,Os03g0141200
539,Os04g0669700
540,Os01g0654100
541,Os03g0222600
542,Os10g0204300
543,Os03g0132200
544,Os05g0501600
545,Os02g0782800
546,Os01g0879200
547,Os03g0772300
548,Os06g0150400
549,Os02g0687200
550,Os01g0888800
551,Os01g0243200
552,Os08g0454600
553,Os02g0532300
554,Os04g0623300
555,Os09g0555500
556,Os01g0503400
557,Os03g0114700
558,Os07g0573300
559,Os01g0958200
560,Os11g0226933
561,Os04g0590400
562,Os07g0615200
563,Os03g0321700
564,Os02g0149800
565,Os07g0432800
566,Os03g0777500
567,Os01g0551800
568,Os05g0134200
569,Os06g0687800
570,Os11g0569600
571,Os03g0647600
572,Os11g0147500
573,Os02g0655600
574,Os03g0858600
575,Os06g0116800
576,Os04g0346800
577,Os02g0327000
578,Os01g0385400
579,Os10g0575000
580,Os08g0412800
581,Os02g0821400
582,Os02g0810300
583,Os04g0223300
584,Os04g0301700
585,Os01g0752100
586,Os03g0816800
587,Os08g0446400
588,Os02g0215500
589,Os05g0497200
590,Os01g0303600
591,Os02g0109200
592,Os02g0602900
593,Os04g0615200
594,Os01g0765600
595,Os05g0149000
596,Os07g0454100
597,Os08g0415600
598,Os05g0545400
599,Os01g0781100
600,Os02g0541325
601,Os03g0281500
602,Os05g0114500
603,Os11g0555300
604,Os09g0106700
605,Os11g0543100
606,Os01g0719400
607,Os06g0646700
608,Os06g0575400
609,Os05g0163500
610,Os03g0709200
611,Os03g0318600
612,Os03g0805400
613,Os02g0614200
614,Os01g0818200
615,Os04g0218400
616,Os09g0364800
617,Os01g0973500
618,Os06g0613500
619,Os04g0584201
620,Os04g0613200
621,Os02g0636700
622,Os01g0893400
623,Os10g0343400
624,Os09g0371000
625,Os01g0175100
626,Os06g0708400
627,Os01g0656600
628,Os04g0620400
629,Os01g0612900
630,Os03g0774300
631,Os12g0153200
632,Os03g0124300
633,Os05g0541750
634,Os09g0513200
635,Os03g0661300
636,Os08g0509600
637,Os08g0524200
638,Os12g0131400
639,Os09g0115900
640,Os06g0334600
641,Os04g0449500
642,Os09g0528800
643,Os03g0388432
644,Os11g0266500
645,Os06g0661200
646,Os07g0581700
647,Os04g0460600
648,Os05g0490400
649,Os11g0685200
650,Os12g0257600
651,Os04g0538750
652,Os02g0776400
653,Os12g0506500
654,Os09g0392000
655,Os11g0210201
656,Os02g0160250
657,Os12g0511900
658,Os06g0699600
659,Os05g0557200
660,Os04g0671200
661,Os02g0626532
662,Os07g0185200
663,Os05g0584600
664,Os04g0110100
665,Os10g0361900
666,Os02g0512000
667,Os08g0374600
668,Os02g0133100
669,Os02g0735800
670,Os05g0100600
671,Os12g0224000
672,Os02g0498700
673,Os01g0159300
674,Os08g0379200
675,Os02g0190800
676,Os12g0498900
677,Os05g0526800
678,Os09g0558000
679,Os03g0187800
680,Os06g0234200
681,Os01g0787400
682,Os04g0103500
683,Os02g0539200
684,Os05g0119200
685,Os04g0429800
686,Os01g0370000
687,Os01g0194000
688,Os01g0948500
689,Os06g0633100
690,Os07g0585500
691,Os09g0298200
692,Os03g0268600
693,Os03g0597200
694,Os03g0767800
695,Os08g0270500
696,Os01g0675500
697,Os11g0606300
698,Os04g0228400
699,Os02g0205500
700,Os10g0564800
701,Os05g0415800
702,Os06g0232800
703,Os03g0832600
704,Os11g0150200
705,Os04g0483000
706,Os08g0542700
707,Os02g0254600
708,Os03g0285200
709,Os02g0819400
710,Os03g0373500
711,Os05g0135900
712,Os08g0538300
713,Os10g0344000
714,Os08g0331900
715,Os01g0802200
716,Os01g0290600
717,Os08g0391300
718,Os04g0437600
719,Os01g0188100
720,Os03g0796000
721,Os08g0485700
722,Os05g0444200
723,Os07g0517900
724,Os01g0674500
725,Os01g0772500
726,Os03g0129100
727,Os05g0163400
728,Os02g0473200
729,Os11g0236932
730,Os10g0574700
731,Os10g0492800
732,Os03g0664800
733,Os09g0394700
734,Os03g0741000
735,Os03g0214200
736,Os01g0120700
737,Os03g0331700
738,Os07g0684900
739,Os01g0822200
740,Os01g0639900
741,Os07g0687900
742,Os05g0510100
743,Os03g0300900
744,Os05g0227600
745,Os04g0556400
746,Os06g0220500
747,Os07g0520100
748,Os12g0582700
749,Os11g0148000
750,Os05g0346200
751,Os03g0806500
752,Os10g0477600
753,Os01g0153300
754,Os05g0253200
755,Os02g0153200
756,Os10g0105700
757,Os01g0920100
758,Os01g0626500
759,Os12g0631200
760,Os03g0110600
761,Os07g0224900
762,Os03g0847900
763,Os01g0343300
764,Os07g0169600
765,Os11g0551800
766,Os02g0614500
767,Os06g0644200
768,Os01g0152300
769,Os01g0901900
770,Os09g0372900
771,Os01g0919500
772,Os03g0750000
773,Os02g0324700
774,Os01g0192900
775,Os03g0595800
776,Os10g0162400
777,Os02g0766700
778,Os05g0530400
779,Os01g0673800
780,Os09g0543900
781,Os09g0113000
782,Os07g0671400
783,Os02g0713250
784,Os03g0858700
785,Os01g0131300
786,Os01g0127700
787,Os01g0855600
788,Os01g0716200
789,Os07g0596000
790,Os05g0381700
791,Os06g0661500
792,Os01g0389200
793,Os03g0239200
794,Os04g0447800
795,Os09g0472100
796,Os01g0832900
797,Os02g0125300
798,Os11g0148101
799,Os02g0727300
800,Os11g0154500
801,Os01g0845000
802,Os02g0291000
803,Os07g0684100
804,Os02g0805100
805,Os01g0566050
806,Os02g0774200
807,Os03g0817200
808,Os06g0115600
809,Os05g0125200
810,Os01g0507000
811,Os03g0726500
812,Os01g0719000
813,Os01g0823100
814,Os03g0640000
815,Os06g0599200
816,Os07g0537250
817,Os03g0338200
818,Os01g0198500
819,Os01g0821600
820,Os05g0438800
821,Os09g0511200
822,Os10g0514901
823,Os03g0784700
824,Os06g0683950
825,Os04g0448900
826,Os07g0637000
827,Os03g0325500
828,Os01g0865400
829,Os08g0514000
830,Os01g0948200
831,Os02g0712400
832,Os06g0591200
833,Os06g0716000
834,Os09g0508500
835,Os03g0674300
836,Os05g0566400
837,Os10g0565150
838,Os09g0369050
839,Os04g0488700
840,Os12g0134000
841,Os01g0314800
842,Os05g0358400
843,Os04g0527700
844,Os01g0218100
845,Os02g0119600
846,Os03g0102700
847,Os01g0962100
848,Os04g0521700
849,Os02g0255500
850,Os07g0410300
851,Os02g0747900
852,Os12g0548800
853,Os03g0179400
854,Os08g0184800
855,Os02g0818900
856,Os01g0513400
857,Os02g0780700
858,Os03g0118450
859,Os08g0331000
860,Os09g0399800
861,Os04g0550866
862,Os04g0406600
863,Os01g0111300
864,Os03g0270000
865,Os12g0150200
866,Os04g0275950
867,Os11g0256900
868,Os03g0618300
869,Os08g0248100
870,Os07g0239200
871,Os05g0148800
872,Os03g0610650
873,Os07g0295800
874,Os05g0154600
875,Os04g0461600
876,Os06g0679200
877,Os01g0925400
878,Os01g0511000
879,Os05g0186300
880,Os01g0359600
881,Os01g0869200
882,Os06g0147200
883,Os03g0254800
884,Os07g0535800
885,Os01g0934400
886,Os01g0823900
887,Os09g0549450
888,Os05g0408300
889,Os03g0152200
890,Os12g0182500
891,Os01g0739200
892,Os03g0187400
893,Os02g0619600
894,Os12g0472366
895,Os06g0693000
896,Os01g0119100
897,Os02g0164800
898,Os12g0552400
899,Os01g0227100
900,Os10g0500600
901,Os01g0940000
902,Os01g0627500
903,Os02g0134400
904,Os09g0468300
905,Os11g0506800
906,Os09g0568000
907,Os06g0692600
908,Os05g0560900
909,Os02g0572400
910,Os04g0598900
911,Os03g0318400
912,Os02g0453800
913,Os06g0730300
914,Os02g0574500
915,Os07g0264000
916,Os08g0243100
917,Os02g0131050
918,Os06g0657500
919,Os04g0605300
920,Os03g0650700
921,Os01g0708900
922,Os01g0192000
923,Os02g0799300
924,Os05g0215300
925,Os06g0708200
926,Os03g0247900
927,Os02g0716500
928,Os09g0115500
929,Os02g0653300
930,Os03g0678800
931,Os05g0257100
932,Os06g0350200
933,Os09g0371200
934,Os06g0650700
935,Os08g0171700
936,Os07g0179500
937,Os01g0773700
938,Os10g0415300
939,Os01g0508100
940,Os08g0492100
941,Os04g0259200
942,Os09g0451400
943,Os11g0148800
944,Os01g0803300
945,Os06g0231600
946,Os05g0127500
947,Os05g0176300
948,Os11g0157400
949,Os08g0514033
950,Os02g0193000
951,Os05g0302916
952,Os01g0292200
953,Os08g0480100
954,Os12g0169000
955,Os12g0603800
956,Os07g0638100
957,Os06g0288100
958,Os04g0594400
959,Os03g0816500
960,Os02g0294100
961,Os04g0636400
962,Os11g0649600
963,Os07g0106200
964,Os02g0704500
965,Os09g0439200
966,Os02g0103900
967,Os06g0247900
968,Os04g0530400
969,Os01g0740600
970,Os12g0562400
971,Os09g0313500
972,Os06g0109100
973,Os05g0370200
974,Os09g0400600
975,Os03g0243700
976,Os07g0593000
977,Os09g0361100
978,Os08g0135900
979,Os02g0189500
980,Os05g0331200
981,Os03g0301700
982,Os01g0965000
983,Os03g0185700
984,Os02g0301100
985,Os10g0167700
986,Os04g0581100
987,Os01g0733200
988,Os03g0766800
989,Os11g0247000
990,Os04g0602300
991,Os02g0740600
992,Os03g0322800
993,Os04g0527000
994,Os08g0554400
995,Os05g0419600
996,Os06g0308100
997,Os01g0826400
998,Os02g0327500
999,Os08g0446301
1000,Os12g0639800
1001,Os04g0489600
1002,Os02g0472700
1003,Os04g0403701
1004,Os01g0375200
1005,Os09g0382200
1006,Os04g0372750
1007,Os06g0294600
1008,Os01g0609000
1009,Os01g0667700
1010,Os01g0623500
1011,Os05g0559316
1012,Os08g0289000
1013,Os02g0527200
1014,Os02g0747600
1015,Os01g0128300
1016,Os03g0431600
1017,Os01g0689900
1018,Os07g0550900
1019,Os01g0914000
1020,Os05g0305700
1021,Os02g0620400
1022,Os01g0729900
1023,Os01g0612600
1024,Os04g0571300
1025,Os02g0435400
1026,Os04g0401700
1027,Os01g0748600
1028,Os01g0704400
1029,Os07g0671800
1030,Os01g0747400
1031,Os07g0614250
1032,Os06g0649000
1033,Os12g0405400
1034,Os03g0849800
1035,Os06g0713300
1036,Os12g0612300
1037,Os03g0429000
1038,Os07g0597400
1039,Os06g0699301
1040,Os03g0759000
1041,Os04g0688100
1042,Os04g0224900
1043,Os09g0445600
1044,Os01g0172400
1045,Os02g0734300
1046,Os11g0232100
1047,Os06g0652600
1048,Os07g0162400
1049,Os04g0585050
1050,Os03g0198600
1051,Os11g0184900
1052,Os02g0624400
1053,Os02g0539100
1054,Os10g0508100
1055,Os05g0534000
1056,Os12g0527700
1057,Os09g0403300
1058,Os01g0194300
1059,Os03g0159900
1060,Os04g0418500
1061,Os01g0765400
1062,Os01g0521600
1063,Os01g0521400
1064,Os12g0151500
1065,Os03g0218400
1066,Os03g0338400
1067,Os07g0257200
1068,Os09g0412700
1069,Os01g0948600
1070,Os02g0711400
1071,Os05g0563550
1072,Os05g0586500
1073,Os03g0140200
1074,Os11g0153700
1075,Os09g0380050
1076,Os04g0119800
1077,Os09g0571100
1078,Os03g0358200
1079,Os01g0971200
1080,Os10g0517500
1081,Os07g0568300
1082,Os06g0361500
1083,Os11g0213733
1084,Os03g0104100
1085,Os05g0461600
1086,Os06g0594600
1087,Os03g0857900
1088,Os12g0197200
1089,Os07g0655900
1090,Os04g0152500
1091,Os08g0108700
1092,Os04g0128700
1093,Os02g0532900
1094,Os01g0895200
1095,Os10g0547500
1096,Os07g0604000
1097,Os09g0553300
1098,Os11g0537300
1099,Os11g0149900
1100,Os01g0771200
1101,Os02g0126500
1102,Os12g0511600
1103,Os11g0629600
1104,Os03g0719400
1105,Os08g0364900
1106,Os04g0565900
1107,Os08g0433500
1108,Os02g0148000
1109,Os07g0100300
1110,Os04g0323800
1111,Os06g0157000
1112,Os03g0194900
1113,Os10g0554900
1114,Os01g0139900
1115,Os09g0309500
1116,Os01g0275950
1117,Os11g0664500
1118,Os01g0138500
1119,Os04g0372775
1120,Os07g0586800
1121,Os02g0173800
1122,Os10g0521400
1123,Os10g0394200
1124,Os03g0788500
1125,Os07g0636000
1126,Os08g0557600
1127,Os10g0561800
1128,Os03g0729300
1129,Os03g0577500
1130,Os01g0559600
1131,Os03g0649000
1132,Os04g0531100
1133,Os03g0182400
1134,Os07g0619500
1135,Os12g0114000
1136,Os04g0482900
1137,Os07g0622200
1138,Os08g0110300
1139,Os10g0437500
1140,Os09g0379600
1141,Os06g0725200
1142,Os06g0668200
1143,Os05g0440100
1144,Os04g0540900
1145,Os04g0457800
1146,Os08g0446800
1147,Os08g0408200
1148,Os04g0456700
1149,Os02g0608600
1150,Os02g0145200
1151,Os10g0571600
1152,Os07g0164900
1153,Os08g0260400
1154,Os04g0400800
1155,Os10g0442950
1156,Os01g0260100
1157,Os02g0579000
1158,Os08g0500700
1159,Os09g0518750
1160,Os06g0193400
1161,Os07g0122000
1162,Os05g0215700
1163,Os12g0187500
1164,Os01g0929200
1165,Os07g0112700
1166,Os10g0577600
1167,Os01g0112500
1168,Os05g0493800
1169,Os08g0526400
1170,Os12g0174100
1171,Os04g0415000
1172,Os07g0617100
1173,Os02g0648300
1174,Os10g0554100
1175,Os08g0102700
1176,Os06g0661800
1177,Os07g0294800
1178,Os09g0431200
1179,Os02g0260200
1180,Os11g0533800
1181,Os04g0691400
1182,Os10g0457600
1183,Os10g0189600
1184,Os06g0199000
1185,Os03g0751800
1186,Os04g0689400
1187,Os07g0537000
1188,Os05g0468700
1189,Os08g0158400
1190,Os03g0187600
1191,Os10g0509401
1192,Os08g0395700
1193,Os06g0112100
1194,Os08g0414500
1195,Os03g0340700
1196,Os01g0206300
1197,Os02g0168400
1198,Os09g0484300
1199,Os11g0235200
1200,Os02g0676800
1201,Os01g0882400
1202,Os04g0506900
1203,Os03g0219100
1204,Os06g0724900
1205,Os05g0527000
1206,Os01g0253900
1207,Os04g0508500
1208,Os02g0511400
1209,Os08g0446200
1210,Os02g0541300
1211,Os01g0641000
1212,Os08g0359100
1213,Os06g0529900
1214,Os07g0587500
1215,Os09g0539000
1216,Os02g0471500
1217,Os02g0607700
1218,Os02g0651900
1219,Os05g0569300
1220,Os11g0676500
1221,Os10g0516800
1222,Os11g0114300
1223,Os02g0118850
1224,Os10g0162100
1225,Os09g0447300
1226,Os01g0946700
1227,Os02g0144300
1228,Os11g0604900
1229,Os07g0533800
1230,Os12g0152900
1231,Os02g0139000
1232,Os06g0468400
1233,Os11g0703600
1234,Os06g0717100
1235,Os11g0137200
1236,Os09g0548400
1237,Os05g0442400
1238,Os08g0540900
1239,Os07g0573200
1240,Os08g0519400
1241,Os03g0773300
1242,Os03g0370500
1243,Os03g0860100
1244,Os02g0823900
1245,Os12g0548501
1246,Os09g0565300
1247,Os06g0291800
1248,Os04g0438200
1249,Os06g0625700
1250,Os12g0581900
1251,Os07g0572000
1252,Os03g0386500
1253,Os03g0437200
1254,Os06g0267500
1255,Os12g0530000
1256,Os09g0367900
1257,Os02g0154200
1258,Os10g0544600
1259,Os04g0483200
1260,Os04g0653600
1261,Os03g0665200
1262,Os01g0752200
1263,Os02g0628800
1264,Os01g0574800
1265,Os05g0192100
1266,Os07g0127500
1267,Os09g0311600
1268,Os01g0158500
1269,Os01g0510100
1270,Os11g0141400
1271,Os09g0310800
1272,Os02g0618100
1273,Os12g0116700
1274,Os12g0152750
1275,Os03g0733000
1276,Os03g0709300
1277,Os01g0629900
1278,Os06g0218300
1279,Os07g0556300
1280,Os03g0298700
1281,Os08g0376500
1282,Os01g0678800
1283,Os06g0216300
1284,Os10g0552400
1285,Os04g0286400
1286,Os02g0799600
1287,Os01g0261200
1288,Os07g0613800
1289,Os01g0152900
1290,Os06g0662550
1291,Os01g0586800
1292,Os02g0324400
1293,Os09g0372700
1294,Os03g0180900
1295,Os04g0381700
1296,Os05g0531000
1297,Os07g0648000
1298,Os02g0451900
1299,Os02g0673100
1300,Os04g0543600
1301,Os07g0241500
1302,Os05g0182600
1303,Os01g0775400
1304,Os05g0319700
1305,Os01g0740650
1306,Os12g0442800
1307,Os06g0587300
1308,Os07g0635900
1309,Os11g0569800
1310,Os11g0661800
1311,Os01g0388200
1312,Os02g0555832
1313,Os03g0419100
1314,Os10g0147200
1315,Os01g0362100
1316,Os11g0112400
1317,Os05g0453700
1318,Os01g0716400
1319,Os02g0696700
1320,Os02g0102300
1321,Os06g0687200
1322,Os07g0517000
1323,Os03g0654400
1324,Os04g0387600
1325,Os01g0628700
1326,Os01g0710800
1327,Os08g0192800
1328,Os06g0203600
1329,Os03g0188100
1330,Os02g0670900
1331,Os09g0400500
1332,Os02g0823300
1333,Os01g0783500
1334,Os04g0564700
1335,Os01g0674000
1336,Os04g0649500
1337,Os07g0162600
1338,Os05g0552700
1339,Os08g0465700
1340,Os08g0107400
1341,Os08g0512700
1342,Os07g0548800
1343,Os07g0633400
1344,Os01g0159200
1345,Os01g0305300
1346,Os07g0174400
1347,Os04g0111200
1348,Os12g0194900
1349,Os05g0305900
1350,Os06g0524400
1351,Os01g0767600
1352,Os10g0560000
1353,Os02g0656600
1354,Os04g0416100
1355,Os04g0644900
1356,Os07g0693500
1357,Os10g0467000
1358,Os10g0124100
1359,Os03g0284100
1360,Os07g0674800
1361,Os05g0119100
1362,Os03g0784100
1363,Os02g0599700
1364,Os02g0536500
1365,Os02g0768300
1366,Os09g0129400
1367,Os12g0623400
1368,Os07g0534100
1369,Os12g0560400
1370,Os02g0222500
1371,Os03g0688300
1372,Os01g0701900
1373,Os02g0470000
1374,Os06g0502900
1375,Os03g0767900
1376,Os04g0603601
1377,Os03g0394900
1378,Os07g0220600
1379,Os11g0596250
1380,Os04g0584800
1381,Os04g0491700
1382,Os11g0427500
1383,Os02g0709600
1384,Os03g0147400
1385,Os03g0707250
1386,Os03g0586700
1387,Os01g0830700
1388,Os05g0338900
1389,Os03g0693000
1390,Os01g0957000
1391,Os06g0248500
1392,Os03g0633800
1393,Os05g0135800
1394,Os01g0621200
1395,Os03g0149800
1396,Os09g0322400
1397,Os11g0614400
1398,Os12g0567500
1399,Os04g0395800
1400,Os08g0515700
1401,Os02g0684400
1402,Os06g0692500
1403,Os04g0609600
1404,Os08g0296900
1405,Os01g0956200
1406,Os09g0341500
1407,Os02g0671200
1408,Os09g0347900
1409,Os04g0347600
1410,Os10g0576600
1411,Os01g0615100
1412,Os12g0129700
1413,Os03g0800000
1414,Os04g0462600
1415,Os02g0665000
1416,Os11g0704300
1417,Os02g0664000
1418,Os05g0397650
1419,Os10g0142900
1420,Os02g0739100
1421,Os06g0503400
1422,Os01g0180000
1423,Os12g0554800
1424,Os08g0265500
1425,Os04g0479700
1426,Os02g0608550
1427,Os11g0557500
1428,Os02g0152300
1429,Os02g0603600
1430,Os11g0228201
1431,Os05g0115100
1432,Os04g0556300
1433,Os08g0143600
1434,Os07g0175300
1435,Os05g0495200
1436,Os03g0844700
1437,Os03g0214100
1438,Os07g0679700
1439,Os02g0676400
1440,Os03g0771100
1441,Os02g0595100
1442,Os05g0467300
1443,Os01g0182400
1444,Os06g0301100
1445,Os05g0421600
1446,Os05g0393100
1447,Os09g0281300
1448,Os03g0319000
1449,Os02g0274700
1450,Os02g0477300
1451,Os12g0259800
1452,Os05g0584200
1453,Os03g0729100
1454,Os01g0609501
1455,Os03g0274300
1456,Os01g0901600
1457,Os07g0584100
1458,Os01g0806101
1459,Os03g0230300
1460,Os07g0595900
1461,Os01g0798800
1462,Os06g0239200
1463,Os11g0501000
1464,Os02g0673600
1465,Os09g0475500
1466,Os07g0122200
1467,Os01g0895500
1468,Os03g0273800
1469,Os06g0694400
1470,Os06g0660800
1471,Os01g0550300
1472,Os07g0141400
1473,Os01g0927600
1474,Os05g0421450
1475,Os04g0629200
1476,Os03g0760200
1477,Os10g0468500
1478,Os06g0126000
1479,Os02g0649900
1480,Os03g0286200
1481,Os06g0659300
1482,Os04g0517500
1483,Os09g0551000
1484,Os05g0108400
1485,Os10g0416100
1486,Os01g0248300
1487,Os03g0605300
1488,Os01g0840700
1489,Os04g0483400
1490,Os06g0617800
1491,Os05g0573300
1492,Os08g0448100
1493,Os01g0967200
1494,Os01g0738600
1495,Os09g0453400
1496,Os07g0173300
1497,Os06g0356800
1498,Os01g0138800
1499,Os06g0725100
1500,Os01g0136400
1501,Os01g0557500
1502,Os11g0140600
1503,Os06g0215100
1504,Os09g0506000
1505,Os01g0770700
1506,Os03g0234500
1507,Os03g0113000
1508,Os02g0769800
1509,Os04g0485800
1510,Os12g0477400
1511,Os03g0784600
1512,Os05g0499800
1513,Os05g0417600
1514,Os09g0258000
1515,Os03g0325600
1516,Os04g0497000
1517,Os03g0740833
1518,Os05g0132700
1519,Os08g0531100
1520,Os04g0394700
1521,Os03g0767000
1522,Os05g0200280
1523,Os05g0112800
1524,Os05g0425700
1525,Os02g0686700
1526,Os01g0525800
1527,Os01g0973000
1528,Os11g0177750
1529,Os11g0123033
1530,Os01g0664500
1531,Os06g0596300
1532,Os09g0570100
1533,Os05g0382600
1534,Os03g0180500
1535,Os01g0862800
1536,Os06g0711100
1537,Os08g0472800
1538,Os06g0181200
1539,Os06g0212100
1540,Os02g0555600
1541,Os01g0575000
1542,Os10g0521000
1543,Os09g0367700
1544,Os04g0617900
1545,Os10g0422600
1546,Os07g0581400
1547,Os01g0187900
1548,Os08g0297800
1549,Os09g0323000
1550,Os06g0703900
1551,Os05g0477600
1552,Os03g0242300
1553,Os06g0698300
1554,Os05g0594700
1555,Os04g0442800
1556,Os12g0613500
1557,Os02g0269200
1558,Os02g0580800
1559,Os06g0558700
1560,Os10g0476400
1561,Os04g0463700
1562,Os06g0215900
1563,Os09g0423600
1564,Os09g0518200
1565,Os08g0374701
1566,Os12g0583700
1567,Os03g0133400
1568,Os02g0219900
1569,Os07g0622700
1570,Os03g0829200
1571,Os09g0557500
1572,Os04g0569300
1573,Os01g0559000
1574,Os04g0660900
1575,Os01g0784900
1576,Os03g0183500
1577,Os02g0798200
1578,Os07g0592000
1579,Os07g0170000
1580,Os06g0730200
1581,Os07g0587300
1582,Os02g0601800
1583,Os07g0561300
1584,Os12g0162100
1585,Os01g0166100
1586,Os01g0622300
1587,Os02g0799000
1588,Os02g0644600
1589,Os08g0203150
1590,Os02g0803300
1591,Os05g0105900
1592,Os03g0823800
1593,Os11g0686900
1594,Os04g0585000
1595,Os01g0801200
1596,Os03g0833100
1597,Os06g0297700
1598,Os03g0146000
1599,Os06g0686600
1600,Os12g0541700
1601,Os01g0224100
1602,Os05g0427400
1603,Os03g0279700
1604,Os04g0655300
1605,Os08g0337800
1606,Os11g0591000
1607,Os08g0485400
1608,Os02g0754100
1609,Os04g0503600
1610,Os03g0286900
1611,Os11g0133700
1612,Os08g0473900
1613,Os12g0124100
1614,Os07g0541200
1615,Os07g0101200
1616,Os03g0639600
1617,Os01g0924200
1618,Os03g0757600
1619,Os12g0107300
1620,Os12g0405200
1621,Os02g0704600
1622,Os03g0281900
1623,Os06g0239500
1624,Os11g0701500
1625,Os01g0882000
1626,Os04g0600200
1627,Os11g0482901
1628,Os08g0302000
1629,Os07g0191650
1630,Os01g0627400
1631,Os01g0786500
1632,Os04g0630900
1633,Os05g0475400
1634,Os02g0775300
1635,Os06g0188500
1636,Os11g0623800
1637,Os09g0328066
1638,Os02g0555300
1639,Os04g0598000
1640,Os03g0806600
1641,Os05g0273800
1642,Os02g0679500
1643,Os12g0484600
1644,Os05g0412800
1645,Os01g0555200
1646,Os11g0134700
1647,Os08g0501500
1648,Os11g0546900
1649,Os07g0680800
1650,Os09g0410300
1651,Os02g0663800
1652,Os01g0819000
1653,Os01g0151600
1654,Os05g0519000
1655,Os11g0207200
1656,Os08g0112900
1657,Os12g0617400
1658,Os01g0667600
1659,Os11g0490900
1660,Os05g0406300
1661,Os05g0109825
1662,Os07g0123800
1663,Os01g0128200
1664,Os03g0181800
1665,Os09g0403967
1666,Os04g0459600
1667,Os08g0459600
1668,Os02g0179200
1669,Os01g0788950
1670,Os01g0719600
1671,Os05g0490000
1672,Os01g0783600
1673,Os06g0624900
1674,Os07g0124600
1675,Os07g0553800
1676,Os03g0844100
1677,Os04g0126900
1678,Os03g0816600
1679,Os06g0699200
1680,Os06g0318700
1681,Os10g0197000
1682,Os01g0850100
1683,Os03g0127900
1684,Os04g0672900
1685,Os11g0227200
1686,Os11g0213000
1687,Os01g0179000
1688,Os12g0490050
1689,Os02g0548700
1690,Os12g0510900
1691,Os10g0390800
1692,Os12g0123800
1693,Os02g0618400
1694,Os06g0275800
1695,Os04g0685400
1696,Os02g0217600
1697,Os11g0543500
1698,Os05g0528000
1699,Os11g0648000
1700,Os03g0712800
1701,Os01g0307686
1702,Os06g0666800
1703,Os06g0691400
1704,Os06g0498800
1705,Os05g0423400
1706,Os10g0140700
1707,Os07g0603300
1708,Os06g0712200
1709,Os06g0725700
1710,Os03g0292200
1711,Os01g0723600
1712,Os01g0944100
1713,Os05g0537100
1714,Os01g0324400
1715,Os04g0674400
1716,Os02g0712700
1717,Os09g0556000
1718,Os05g0103400
1719,Os07g0182400
1720,Os07g0168300
1721,Os04g0676800
1722,Os01g0795600
1723,Os02g0331400
1724,Os12g0478400
1725,Os12g0641400
1726,Os10g0542800
1727,Os02g0755200
1728,Os10g0413101
1729,Os08g0380100
1730,Os05g0361700
1731,Os05g0360400
1732,Os07g0676900
1733,Os05g0559400
1734,Os05g0368100
1735,Os03g0835150
1736,Os06g0677000
1737,Os06g0129400
1738,Os05g0435500
1739,Os07g0661400
1740,Os08g0203300
1741,Os03g0676400
1742,Os07g0548500
1743,Os11g0216900
1744,Os01g0831200
1745,Os01g0559750
1746,Os12g0577200
1747,Os03g0332900
1748,Os08g0150700
1749,Os03g0632800
1750,Os02g0201900
1751,Os01g0625300
1752,Os11g0199700
1753,Os01g0616600
1754,Os11g0246166
1755,Os02g0256200
1756,Os08g0482300
1757,Os11g0601700
1758,Os07g0663900
1759,Os02g0758000
1760,Os04g0445000
1761,Os01g0940100
1762,Os01g0959100
1763,Os03g0248000
1764,Os08g0405700
1765,Os07g0197400
1766,Os02g0266800
1767,Os03g0641300
1768,Os09g0491772
1769,Os06g0206900
1770,Os02g0705400
1771,Os01g0142300
1772,Os02g0666250
1773,Os08g0310001
1774,Os01g0867900
1775,Os03g0381300
1776,Os06g0340600
1777,Os09g0397300
1778,Os04g0614700
1779,Os01g0661500
1780,Os02g0682500
1781,Os10g0524600
1782,Os05g0550700
1783,Os04g0404900
1784,Os06g0636100
1785,Os02g0791400
1786,Os05g0472400
1787,Os03g0395700
1788,Os09g0493500
1789,Os04g0450701
1790,Os07g0557100
1791,Os01g0498300
1792,Os09g0314200
1793,Os07g0109400
1794,Os08g0246100
1795,Os05g0347400
1796,Os04g0441800
1797,Os12g0438000
1798,Os06g0319133
1799,Os03g0725200
1800,Os02g0480900
1801,Os05g0493100
1802,Os09g0324400
1803,Os06g0169001
1804,Os06g0553100
1805,Os01g0727500
1806,Os11g0160400
1807,Os06g0710300
1808,Os01g0309800
1809,Os11g0115400
1810,Os05g0358700
1811,Os07g0164800
1812,Os01g0201200
1813,Os09g0274900
1814,Os01g0608400
1815,Os12g0503200
1816,Os02g0464400
1817,Os02g0730300
1818,Os01g0885700
1819,Os12g0508200
1820,Os06g0535200
1821,Os11g0306400
1822,Os02g0315600
1823,Os03g0700700
1824,Os01g0855200
1825,Os11g0633500
1826,Os11g0593700
1827,Os04g0543000
1828,Os09g0322000
1829,Os06g0133300
1830,Os11g0704600
1831,Os03g0351100
1832,Os05g0595100
1833,Os07g0195100
1834,Os02g0157600
1835,Os03g0424200
1836,Os01g0287600
1837,Os03g0448600
1838,Os06g0531000
1839,Os09g0401300
1840,Os02g0790600
1841,Os02g0467200
1842,Os05g0451100
1843,Os01g0254850
1844,Os03g0356652
1845,Os02g0165100
1846,Os04g0616700
1847,Os06g0701700
1848,Os01g0566100
1849,Os03g0187700
1850,Os06g0207950
1851,Os05g0506600
1852,Os01g0607200
1853,Os02g0117200
1854,Os11g0604600
1855,Os05g0103300
1856,Os07g0116800
1857,Os01g0675800
1858,Os04g0619000
1859,Os07g0491900
1860,Os12g0600701
1861,Os06g0712300
1862,Os07g0168800
1863,Os07g0592600
1864,Os03g0848700
1865,Os10g0499500
1866,Os03g0223400
1867,Os05g0498400
1868,Os01g0806200
1869,Os10g0466800
1870,Os01g0667200
1871,Os02g0790500
1872,Os12g0191200
1873,Os05g0205050
1874,Os12g0145566
1875,Os01g0804900
1876,Os07g0437000
1877,Os01g0609300
1878,Os07g0484300
1879,Os05g0445100
1880,Os12g0131150
1881,Os12g0152600
1882,Os02g0825600
1883,Os02g0611200
1884,Os01g0242600
1885,Os10g0521100
1886,Os12g0548401
1887,Os07g0139400
1888,Os05g0474900
1889,Os09g0499000
1890,Os03g0655400
1891,Os05g0148950
1892,Os02g0822900
1893,Os03g0278300
1894,Os08g0332600
1895,Os05g0576600
1896,Os10g0490900
1897,Os04g0593600
1898,Os06g0326700
1899,Os03g0194100
1900,Os03g0197100
1901,Os08g0127100
1902,Os01g0513200
1903,Os07g0519600
1904,Os03g0703400
1905,Os02g0745100
1906,Os04g0442700
1907,Os10g0550900
1908,Os02g0597300
1909,Os04g0556000
1910,Os07g0101300
1911,Os06g0155400
1912,Os01g0663300
1913,Os04g0448950
1914,Os01g0868000
1915,Os09g0561000
1916,Os01g0757500
1917,Os04g0583200
1918,Os02g0624300
1919,Os08g0320400
1920,Os01g0867600
1921,Os03g0326100
1922,Os05g0368000
1923,Os01g0652375
1924,Os11g0246900
1925,Os03g0807200
1926,Os01g0866100
1927,Os02g0226300
1928,Os03g0215700
1929,Os04g0579200
1930,Os02g0132950
1931,Os01g0923400
1932,Os04g0606000
1933,Os01g0725000
1934,Os01g0805000
1935,Os02g0817700
1936,Os09g0280500
1937,Os03g0314800
1938,Os02g0740500
1939,Os07g0111700
1940,Os10g0207400
1941,Os06g0648500
1942,Os02g0597700
1943,Os08g0243500
1944,Os04g0389600
1945,Os07g0680400
1946,Os06g0211200
1947,Os02g0799700
1948,Os07g0568600
1949,Os10g0112600
1950,Os04g0412000
1951,Os08g0129200
1952,Os08g0203700
1953,Os02g0767400
1954,Os08g0230100
1955,Os05g0176700
1956,Os01g0629400
1957,Os01g0121300
1958,Os04g0543900
1959,Os09g0543400
1960,Os01g0708500
1961,Os05g0513400
1962,Os11g0151400
1963,Os04g0165200
1964,Os11g0258900
1965,Os07g0689600
1966,Os09g0451000
1967,Os03g0187000
1968,Os03g0125100
1969,Os11g0687800
1970,Os04g0591100
1971,Os10g0561400
1972,Os09g0297000
1973,Os05g0363200
1974,Os04g0476600
1975,Os01g0769700
1976,Os01g0124401
1977,Os02g0649300
1978,Os02g0126600
1979,Os03g0240600
1980,Os03g0617500
1981,Os08g0495500
1982,Os03g0700450
1983,Os04g0415800
1984,Os03g0388500
1985,Os02g0551100
1986,Os02g0483500
1987,Os10g0171500
1988,Os11g0639300
1989,Os08g0114300
1990,Os10g0483500
1991,Os12g0448900
1992,Os01g0925700
1993,Os04g0423400
1994,Os03g0142900
1995,Os01g0799100
1996,Os10g0405300
1997,Os03g0567600
1998,Os03g0280000
1999,Os10g0542400
2000,Os08g0196700
2001,Os11g0609500
2002,Os09g0109600
2003,Os04g0679400
2004,Os05g0419200
2005,Os01g0274800
2006,Os05g0138300
2007,Os05g0132100
2008,Os09g0379900
2009,Os11g0252400
2010,Os07g0121100
2011,Os10g0147900
2012,Os10g0527400
2013,Os05g0440800
2014,Os11g0600600
2015,Os03g0160100
2016,Os02g0236600
2017,Os01g0873900
2018,Os02g0526400
2019,Os06g0661766
2020,Os03g0145900
2021,Os11g0448700
2022,Os03g0342900
2023,Os02g0475300
2024,Os06g0264500
2025,Os12g0136500
2026,Os12g0566000
2027,Os10g0528400
2028,Os12g0556500
2029,Os08g0562600
2030,Os03g0779000
2031,Os03g0192700
2032,Os08g0529300
2033,Os05g0449200
2034,Os03g0343700
2035,Os02g0250400
2036,Os01g0749400
2037,Os08g0445700
2038,Os12g0174200
2039,Os02g0812000
2040,Os12g0635400
2041,Os06g0133900
2042,Os05g0326675
2043,Os06g0233200
2044,Os11g0182100
2045,Os04g0554200
2046,Os09g0483500
2047,Os06g0527500
2048,Os09g0545300
2049,Os10g0580900
2050,Os11g0701200
2051,Os06g0146250
2052,Os01g0908700
2053,Os03g0856700
2054,Os01g0179800
2055,Os07g0209100
2056,Os09g0519200
2057,Os05g0169000
2058,Os01g0655250
2059,Os04g0422300
2060,Os06g0214300
2061,Os05g0369700
2062,Os02g0216300
2063,Os01g0976800
2064,Os05g0443500
2065,Os01g0631200
2066,Os01g0905700
2067,Os07g0685700
2068,Os07g0418500
2069,Os07g0538700
2070,Os12g0576900
2071,Os10g0459300
2072,Os11g0177400
2073,Os02g0589400
2074,Os01g0670600
2075,Os08g0120500
2076,Os10g0500650
2077,Os07g0117000
2078,Os07g0593400
2079,Os11g0634902
2080,Os08g0526350
2081,Os03g0734000
2082,Os12g0592900
2083,Os01g0543000
2084,Os05g0535566
2085,Os02g0646200
2086,Os03g0154100
2087,Os02g0668500
2088,Os12g0197600
2089,Os12g0580900
2090,Os04g0667800
2091,Os10g0456000
2092,Os11g0602750
2093,Os05g0121400
2094,Os11g0705200
2095,Os12g0437800
2096,Os10g0569400
2097,Os02g0653800
2098,Os01g0880200
2099,Os02g0731900
2100,Os06g0643500
2101,Os01g0597800
2102,Os04g0477500
2103,Os06g0603300
2104,Os03g0666850
2105,Os09g0481600
2106,Os05g0596500
2107,Os03g0138000
2108,Os06g0538400
2109,Os03g0822000
2110,Os03g0286300
2111,Os06g0659200
2112,Os01g0954000
2113,Os12g0454800
2114,Os06g0232000
2115,Os02g0173200
2116,Os08g0545000
2117,Os11g0105400
2118,Os08g0137800
2119,Os10g0377000
2120,Os06g0663400
2121,Os11g0526900
2122,Os03g0261100
2123,Os04g0578000
2124,Os10g0520100
2125,Os01g0911000
2126,Os04g0301500
2127,Os12g0441700
2128,Os10g0548100
2129,Os06g0146200
2130,Os03g0231600
2131,Os04g0533900
2132,Os05g0506800
2133,Os06g0642650
2134,Os02g0130100
2135,Os02g0726500
2136,Os05g0237100
2137,Os02g0654600
2138,Os10g0524300
2139,Os05g0470700
2140,Os02g0152900
2141,Os01g0136500
2142,Os09g0520200
2143,Os03g0338000
2144,Os08g0130000
2145,Os02g0484200
2146,Os08g0448000
2147,Os01g0314000
2148,Os08g0162600
2149,Os01g0100100
2150,Os02g0601600
2151,Os09g0539100
2152,Os03g0326500
2153,Os06g0500700
2154,Os01g0695200
2155,Os01g0674800
2156,Os02g0627100
2157,Os02g0466400
2158,Os04g0497900
2159,Os08g0135100
2160,Os09g0251800
2161,Os10g0479001
2162,Os04g0660000
2163,Os11g0599200
2164,Os04g0536500
2165,Os03g0269900
2166,Os05g0161800
2167,Os07g0582400
2168,Os03g0377600
2169,Os01g0261100
2170,Os01g0585100
2171,Os01g0672400
2172,Os01g0149600
2173,Os01g0294700
2174,Os01g0572300
2175,Os01g0884200
2176,Os08g0404500
2177,Os10g0509100
2178,Os04g0638700
2179,Os03g0701200
2180,Os06g0604300
2181,Os01g0359400
2182,Os06g0672700
2183,Os12g0131200
2184,Os03g0283200
2185,Os03g0790500
2186,Os08g0557900
2187,Os10g0146901
2188,Os02g0326500
2189,Os11g0305300
2190,Os04g0530200
2191,Os03g0796900
2192,Os11g0536800
2193,Os05g0135000
2194,Os02g0256500
2195,Os07g0524000
2196,Os03g0798500
2197,Os11g0572500
2198,Os11g0126900
2199,Os01g0631800
2200,Os05g0462301
2201,Os01g0853700
2202,Os01g0111100
2203,Os01g0860400
2204,Os03g0293850
2205,Os04g0438101
2206,Os08g0269000
2207,Os10g0528300
2208,Os01g0307624
2209,Os04g0369600
2210,Os05g0165900
2211,Os06g0147000
2212,Os01g0625200
2213,Os05g0312600
2214,Os03g0186800
2215,Os07g0162450
2216,Os01g0723800
2217,Os01g0195000
2218,Os05g0244700
2219,Os12g0123700
2220,Os03g0230500
2221,Os07g0686600
2222,Os02g0299300
2223,Os12g0573900
2224,Os10g0515200
2225,Os06g0199300
2226,Os02g0219800
2227,Os01g0884400
2228,Os08g0236866
2229,Os07g0227800
2230,Os03g0607500
2231,Os01g0107000
2232,Os04g0506700
2233,Os06g0496800
2234,Os06g0113900
2235,Os04g0665600
2236,Os03g0270600
2237,Os08g0465800
2238,Os01g0866300
2239,Os05g0203900
2240,Os01g0866133
2241,Os05g0202500
2242,Os07g0170100
2243,Os03g0356526
2244,Os01g0124650
2245,Os03g0322200
2246,Os01g0214500
2247,Os12g0204500
2248,Os02g0139400
2249,Os01g0327000
2250,Os06g0111500
2251,Os11g0572700
2252,Os05g0552100
2253,Os08g0525600
2254,Os08g0467300
2255,Os05g0457800
2256,Os08g0109400
2257,Os07g0493800
2258,Os01g0571000
2259,Os11g0441500
2260,Os10g0422075
2261,Os03g0165050
2262,Os11g0605300
2263,Os05g0522600
2264,Os11g0536000
2265,Os01g0504100
2266,Os01g0956700
2267,Os03g0107300
2268,Os03g0374600
2269,Os01g0113200
2270,Os03g0264400
2271,Os03g0264150
2272,Os05g0542150
2273,Os03g0744600
2274,Os07g0517100
2275,Os06g0565000
2276,Os03g0387500
2277,Os06g0257450
2278,Os07g0194800
2279,Os08g0207500
2280,Os09g0394900
2281,Os09g0325700
2282,Os08g0446350
2283,Os04g0565200
2284,Os07g0213500
2285,Os11g0472500
2286,Os07g0638300
2287,Os01g0139200
2288,Os07g0585900
2289,Os03g0113700
2290,Os10g0517050
2291,Os03g0696300
2292,Os01g0848900
2293,Os07g0152800
2294,Os06g0341600
2295,Os09g0298500
2296,Os01g0867300
2297,Os03g0845000
2298,Os04g0614100
2299,Os12g0623500
2300,Os03g0326200
2301,Os05g0591600
2302,Os03g0305400
2303,Os03g0142500
2304,Os07g0559700
2305,Os11g0213800
2306,Os07g0622900
2307,Os07g0687100
2308,Os02g0778500
2309,Os02g0491400
2310,Os09g0441000
2311,Os02g0776900
2312,Os05g0437900
2313,Os03g0319300
2314,Os03g0806700
2315,Os06g0729900
2316,Os01g0252200
2317,Os04g0639200
2318,Os12g0168100
2319,Os06g0682633
2320,Os04g0546300
2321,Os01g0827600
2322,Os10g0404900
2323,Os07g0680900
2324,Os02g0594100
2325,Os05g0464200
2326,Os03g0809100
2327,Os02g0770300
2328,Os07g0646800
2329,Os05g0298200
2330,Os03g0235000
2331,Os08g0476900
2332,Os01g0375000
2333,Os09g0429600
2334,Os05g0287800
2335,Os01g0157900
2336,Os02g0102900
2337,Os04g0613900
2338,Os04g0612500
2339,Os11g0686400
2340,Os05g0514200
2341,Os04g0466100
2342,Os08g0157900
2343,Os04g0511200
2344,Os05g0398000
2345,Os01g0863300
2346,Os03g0343300
2347,Os04g0656800
2348,Os09g0380000
2349,Os02g0787600
2350,Os09g0478733
2351,Os10g0548850
2352,Os05g0541100
2353,Os01g0128100
2354,Os02g0165200
2355,Os07g0524900
2356,Os05g0453300
2357,Os08g0540400
2358,Os01g0124100
2359,Os08g0497900
2360,Os07g0655300
2361,Os07g0434100
2362,Os04g0688300
2363,Os04g0668900
2364,Os10g0453900
2365,Os09g0454600
2366,Os01g0110400
2367,Os02g0312600
2368,Os03g0188500
2369,Os08g0167000
2370,Os11g0213700
2371,Os03g0758000
2372,Os10g0203000
2373,Os04g0507950
2374,Os05g0468800
2375,Os03g0189100
2376,Os01g0298400
2377,Os04g0691900
2378,Os06g0115400
2379,Os05g0558000
2380,Os06g0643800
2381,Os02g0600400
2382,Os04g0597800
2383,Os01g0277500
2384,Os02g0626400
2385,Os03g0307000
2386,Os05g0526700
2387,Os03g0324300
2388,Os04g0509600
2389,Os02g0631200
2390,Os05g0122800
2391,Os08g0158600
2392,Os02g0712600
2393,Os08g0254600
2394,Os06g0669700
2395,Os10g0326800
2396,Os01g0784450
2397,Os03g0769900
2398,Os06g0643300
2399,Os03g0582000
2400,Os04g0209200
2401,Os02g0118200
2402,Os05g0556400
2403,Os12g0518200
2404,Os02g0575000
2405,Os01g0534800
2406,Os06g0112000
2407,Os02g0733900
2408,Os01g0275900
2409,Os05g0119850
2410,Os03g0762500
2411,Os02g0714600
2412,Os10g0566800
2413,Os12g0154800
2414,Os07g0465100
2415,Os04g0641101
2416,Os03g0140500
2417,Os04g0584600
2418,Os09g0475400
2419,Os01g0716800
2420,Os01g0656200
2421,Os08g0184600
2422,Os06g0181100
2423,Os06g0268600
2424,Os01g0221100
2425,Os07g0223766
2426,Os03g0116300
2427,Os05g0155200
2428,Os11g0629400
2429,Os12g0564100
2430,Os01g0615050
2431,Os04g0592600
2432,Os05g0542200
2433,Os04g0191500
2434,Os11g0173600
2435,Os01g0332100
2436,Os02g0180700
2437,Os05g0447700
2438,Os03g0830400
2439,Os08g0490000
2440,Os04g0398000
2441,Os02g0182700
2442,Os05g0527100
2443,Os01g0292900
2444,Os03g0741050
2445,Os02g0658800
2446,Os01g0638000
2447,Os05g0582600
2448,Os11g0227800
2449,Os05g0363500
2450,Os09g0369000
2451,Os09g0447500
2452,Os05g0510600
2453,Os08g0485000
2454,Os06g0139800
2455,Os09g0505100
2456,Os01g0633400
2457,Os09g0416600
2458,Os08g0508700
2459,Os01g0639600
2460,Os02g0633300
2461,Os10g0465000
2462,Os12g0578300
2463,Os07g0643700
2464,Os11g0229400
2465,Os03g0747900
2466,Os11g0104150
2467,Os01g0498200
2468,Os01g0900800
2469,Os08g0339200
2470,Os12g0283800
2471,Os03g0207400
2472,Os01g0832600
2473,Os11g0516000
2474,Os03g0319400
2475,Os10g0524100
2476,Os01g0584900
2477,Os02g0566300
2478,Os06g0477600
2479,Os06g0143400
2480,Os10g0421500
2481,Os07g0622000
2482,Os01g0199400
2483,Os04g0577800
2484,Os08g0409500
2485,Os04g0452000
2486,Os10g0539900
2487,Os01g0525701
2488,Os03g0128700
2489,Os06g0707733
2490,Os03g0402800
2491,Os02g0817900
2492,Os08g0245200
2493,Os05g0241300
2494,Os11g0160500
2495,Os09g0555400
2496,Os02g0782900
2497,Os10g0479100
2498,Os01g0938600
2499,Os09g0364400
2500,Os01g0893700
2501,Os05g0161500
2502,Os01g0201100
2503,Os06g0228200
2504,Os11g0170300
2505,Os04g0605500
2506,Os09g0515500
2507,Os02g0551700
2508,Os05g0159200
2509,Os02g0260700
2510,Os12g0610200
2511,Os03g0656500
2512,Os06g0708000
2513,Os03g0334200
2514,Os05g0531500
2515,Os07g0407700
2516,Os11g0569500
2517,Os11g0168500
2518,Os11g0558900
2519,Os11g0684000
2520,Os01g0389700
2521,Os08g0489300
2522,Os05g0571200
2523,Os07g0160300
2524,Os06g0687900
2525,Os01g0247700
2526,Os04g0683800
2527,Os04g0502900
2528,Os10g0327800
2529,Os09g0456800
2530,Os06g0704800
2531,Os05g0566800
2532,Os01g0955000
2533,Os05g0206100
2534,Os04g0558400
2535,Os09g0478500
2536,Os09g0479900
2537,Os01g0884300
2538,Os03g0224700
2539,Os02g0193200
2540,Os06g0720900
2541,Os01g0720400
2542,Os01g0847700
2543,Os11g0542100
2544,Os04g0475600
2545,Os04g0672800
2546,Os01g0557100
2547,Os03g0429800
2548,Os03g0351700
2549,Os01g0781200
2550,Os02g0704300
2551,Os06g0579600
2552,Os07g0518500
2553,Os01g0165000
2554,Os04g0487000
2555,Os12g0245000
2556,Os03g0261800
2557,Os02g0534400
2558,Os01g0760000
2559,Os04g0504700
2560,Os09g0419100
2561,Os03g0607700
2562,Os03g0734100
2563,Os07g0210100
2564,Os03g0111800
2565,Os04g0678400
2566,Os05g0104200
2567,Os09g0442600
2568,Os02g0204500
2569,Os08g0434700
2570,Os10g0543400
2571,Os06g0210900
2572,Os01g0864700
2573,Os05g0165500
2574,Os09g0376800
2575,Os02g0669100
2576,Os11g0106200
2577,Os02g0749000
2578,Os07g0182100
2579,Os07g0420000
2580,Os12g0604000
2581,Os01g0824600
2582,Os02g0605900
2583,Os10g0370500
2584,Os06g0618700
2585,Os03g0407900
2586,Os03g0645900
2587,Os12g0626400
2588,Os03g0787400
2589,Os08g0390700
2590,Os10g0180800
2591,Os01g0667100
2592,Os04g0349300
2593,Os04g0542200
2594,Os12g0548700
2595,Os01g0858350
2596,Os01g0659900
2597,Os05g0350700
2598,Os06g0713100
2599,Os05g0474800
2600,Os07g0525100
2601,Os03g0149300
2602,Os06g0605600
2603,Os05g0528701
2604,Os10g0162832
2605,Os01g0800300
2606,Os03g0341300
2607,Os05g0431700
2608,Os11g0600700
2609,Os03g0120400
2610,Os10g0118800
2611,Os07g0542900
2612,Os02g0621800
2613,Os09g0572900
2614,Os10g0489000
2615,Os07g0519100
2616,Os05g0129100
2617,Os02g0811800
2618,Os05g0470000
2619,Os06g0184400
2620,Os02g0602100
2621,Os03g0142600
2622,Os05g0545300
2623,Os11g0666200
2624,Os12g0137700
2625,Os11g0701800
2626,Os12g0603700
2627,Os03g0252100
2628,Os03g0326000
2629,Os01g0937100
2630,Os09g0356100
2631,Os05g0466700
2632,Os03g0186500
2633,Os04g0555300
2634,Os04g0451700
2635,Os04g0339800
2636,Os07g0642600
2637,Os07g0681100
2638,Os01g0177900
2639,Os04g0372700
2640,Os12g0432600
2641,Os01g0756200
2642,Os12g0198200
2643,Os01g0817000
2644,Os10g0530200
2645,Os12g0551900
2646,Os03g0793000
2647,Os01g0153700
2648,Os07g0446100
2649,Os03g0610400
2650,Os09g0547500
2651,Os03g0619875
2652,Os11g0637700
2653,Os12g0162500
2654,Os06g0521500
2655,Os09g0543100
2656,Os05g0339200
2657,Os01g0203000
2658,Os03g0180100
2659,Os10g0112850
2660,Os04g0287400
2661,Os12g0191150
2662,Os07g0446600
2663,Os05g0555700
2664,Os11g0605100
2665,Os01g0665200
2666,Os09g0542900
2667,Os08g0385400
2668,Os01g0894600
2669,Os08g0243866
2670,Os09g0452900
2671,Os03g0161500
2672,Os08g0130600
2673,Os11g0503900
2674,Os02g0201300
2675,Os10g0112700
2676,Os09g0553100
2677,Os03g0823400
2678,Os07g0271000
2679,Os12g0582800
2680,Os07g0597200
2681,Os07g0581000
2682,Os10g0536700
2683,Os11g0661000
2684,Os08g0524100
2685,Os05g0200400
2686,Os04g0628100
2687,Os02g0736300
2688,Os07g0528200
2689,Os12g0132200
2690,Os10g0415100
2691,Os01g0717000
2692,Os04g0589400
2693,Os04g0179100
2694,Os10g0510500
2695,Os07g0607400
2696,Os03g0287100
2697,Os08g0205400
2698,Os07g0468100
2699,Os12g0511000
2700,Os05g0541301
2701,Os04g0435500
2702,Os05g0429400
2703,Os08g0425800
2704,Os05g0573800
2705,Os03g0178500
2706,Os08g0118900
2707,Os03g0286500
2708,Os01g0739500
2709,Os01g0369700
2710,Os06g0239100
2711,Os01g0693400
2712,Os10g0417800
2713,Os01g0159000
2714,Os11g0296500
2715,Os01g0196300
2716,Os06g0605900
2717,Os04g0162500
2718,Os02g0721700
2719,Os01g0544700
2720,Os02g0625300
2721,Os01g0329400
2722,Os04g0631100
2723,Os08g0256000
2724,Os02g0807900
2725,Os08g0310300
2726,Os01g0366100
2727,Os11g0700500
2728,Os10g0553300
2729,Os05g0486100
2730,Os07g0521800
2731,Os10g0412600
2732,Os11g0609600
2733,Os01g0349400
2734,Os11g0537350
2735,Os01g0956075
2736,Os10g0563200
2737,Os07g0585000
2738,Os04g0639100
2739,Os05g0138000
2740,Os03g0113500
2741,Os05g0438500
2742,Os01g0220500
2743,Os06g0670300
2744,Os01g0938200
2745,Os06g0153000
2746,Os11g0515000
2747,Os06g0346900
2748,Os05g0576500
2749,Os07g0627000
2750,Os02g0588700
2751,Os05g0392700
2752,Os10g0572400
2753,Os06g0695600
2754,Os08g0356800
2755,Os08g0157400
2756,Os01g0150400
2757,Os12g0556200
2758,Os09g0468800
2759,Os04g0132900
2760,Os01g0748900
2761,Os06g0266800
2762,Os07g0674400
2763,Os11g0570000
2764,Os02g0186500
2765,Os11g0211800
2766,Os08g0296700
2767,Os10g0382400
2768,Os03g0746700
2769,Os05g0134800
2770,Os08g0261000
2771,Os10g0573400
2772,Os01g0803200
2773,Os06g0183100
2774,Os09g0533400
2775,Os06g0182500
2776,Os09g0248900
2777,Os02g0265900
2778,Os09g0481200
2779,Os01g0170500
2780,Os03g0127500
2781,Os02g0110600
2782,Os07g0614300
2783,Os03g0713600
2784,Os05g0553400
2785,Os10g0523700
2786,Os06g0625900
2787,Os03g0619700
2788,Os03g0721900
2789,Os11g0701100
2790,Os06g0663200
2791,Os09g0453300
2792,Os01g0851100
2793,Os06g0556000
2794,Os09g0502500
2795,Os04g0670200
2796,Os10g0154700
2797,Os01g0246700
2798,Os12g0283400
2799,Os06g0146800
2800,Os07g0175100
2801,Os05g0589600
2802,Os12g0169400
2803,Os06g0292301
2804,Os02g0677800
2805,Os01g0847300
2806,Os05g0312000
2807,Os03g0327600
2808,Os01g0120400
2809,Os11g0105750
2810,Os06g0714600
2811,Os03g0838800
2812,Os07g0115500
2813,Os01g0642000
2814,Os07g0193000
2815,Os07g0645500
2816,Os12g0596600
2817,Os03g0381100
2818,Os01g0784600
2819,Os07g0537900
2820,Os06g0634300
2821,Os07g0153400
2822,Os06g0286375
2823,Os08g0476000
2824,Os07g0164700
2825,Os04g0586500
2826,Os08g0367400
2827,Os01g0543100
2828,Os01g0946100
2829,Os01g0673700
2830,Os02g0756800
2831,Os02g0787300
2832,Os10g0546400
2833,Os12g0420300
2834,Os01g0783700
2835,Os11g0618300
2836,Os11g0537375
2837,Os02g0716100
2838,Os04g0128900
2839,Os04g0269900
2840,Os12g0137100
2841,Os10g0568900
2842,Os05g0503500
2843,Os08g0130100
2844,Os08g0539300
2845,Os03g0289800
2846,Os01g0802700
2847,Os08g0492500
2848,Os02g0833200
2849,Os07g0545300
2850,Os06g0254700
2851,Os07g0691300
2852,Os05g0593000
2853,Os03g0448500
2854,Os01g0819700
2855,Os07g0101000
2856,Os04g0606200
2857,Os09g0482900
2858,Os05g0588800
2859,Os09g0401000
2860,Os08g0137900
2861,Os05g0114700
2862,Os07g0695100
2863,Os03g0274000
2864,Os06g0506600
2865,Os02g0116700
2866,Os06g0240001
2867,Os05g0547700
2868,Os05g0495900
2869,Os03g0784000
2870,Os08g0472000
2871,Os01g0588900
2872,Os01g0118700
2873,Os06g0109500
2874,Os04g0380000
2875,Os09g0362500
2876,Os07g0637300
2877,Os06g0667400
2878,Os02g0807000
2879,Os01g0314100
2880,Os08g0224800
2881,Os06g0188550
2882,Os04g0389500
2883,Os07g0681700
2884,Os12g0116400
2885,Os01g0665300
2886,Os03g0389700
2887,Os06g0620700
2888,Os03g0833900
2889,Os04g0402300
2890,Os04g0527400
2891,Os01g0706400
2892,Os05g0111800
2893,Os09g0535900
2894,Os05g0475475
2895,Os03g0320000
2896,Os07g0695400
2897,Os12g0617250
2898,Os02g0694100
2899,Os07g0564500
2900,Os12g0476200
2901,Os03g0803900
2902,Os01g0188400
2903,Os06g0604200
2904,Os08g0113000
2905,Os04g0613700
2906,Os08g0345500
2907,Os10g0510400
2908,Os01g0575200
2909,Os12g0514400
2910,Os01g0185300
2911,Os03g0799000
2912,Os01g0513100
2913,Os12g0128600
2914,Os02g0696500
2915,Os10g0533600
2916,Os08g0528500
2917,Os04g0671100
2918,Os04g0321800
2919,Os04g0395100
2920,Os01g0793800
2921,Os03g0710700
2922,Os07g0101800
2923,Os07g0274700
2924,Os05g0257333
2925,Os01g0805700
2926,Os05g0252100
2927,Os09g0518000
2928,Os02g0332700
2929,Os09g0491644
2930,Os02g0132500
2931,Os05g0594100
2932,Os04g0115500
2933,Os02g0649000
2934,Os09g0433800
2935,Os02g0271600
2936,Os03g0610800
2937,Os06g0690200
2938,Os06g0345200
2939,Os05g0314700
2940,Os04g0494600
2941,Os08g0161500
2942,Os10g0103700
2943,Os05g0466800
2944,Os07g0641200
2945,Os02g0273100
2946,Os08g0417000
2947,Os10g0169200
2948,Os09g0370500
2949,Os11g0144900
2950,Os11g0431700
2951,Os01g0591300
2952,Os03g0810900
2953,Os01g0836900
2954,Os08g0536300
2955,Os11g0425300
2956,Os02g0122600
2957,Os07g0621500
2958,Os03g0833600
2959,Os02g0705500
2960,Os04g0385600
2961,Os10g0513900
2962,Os04g0669800
2963,Os01g0133100
2964,Os12g0149000
2965,Os04g0616300
2966,Os05g0149300
2967,Os01g0835900
2968,Os12g0113500
2969,Os07g0640000
