Source,Target,k,pcc
32,55,51,0.835546658276764
32,5,76,0.841783310553151
32,94,63,0.825775493967254
32,48,27,0.85367025736063
32,77,33,0.846903205394397
32,76,38,0.848591805176965
32,67,33,0.838099586793937
32,2,14,0.897740510158951
32,17,100,0.816683798443604
32,33,23,0.869434355762468
32,62,70,0.845755978432529
32,16,84,0.825169086183687
32,59,8,0.884104520761184
32,90,73,0.80932758784901
32,41,21,0.879474482346112
32,88,22,0.867272729597366
32,81,39,0.831479825400632
32,21,2,0.932455921891979
32,71,50,0.835889098286376
32,86,49,0.843669198698466
32,42,4,0.918935756118092
32,9,54,0.856244699463378
32,3,27,0.875090155713407
32,51,8,0.900559415018562
32,83,57,0.847126942113172
32,45,77,0.8063926050596
32,0,17,0.892047463488461
32,11,1,0.941587499292083
32,44,58,0.837701740047342
32,26,46,0.840651526293496
32,14,55,0.843995732796684
32,82,66,0.795202063000784
32,53,1,0.937970703959065
32,46,28,0.873990516724048
32,12,29,0.868017340789339
32,36,88,0.821754641997196
32,66,19,0.881304455289959
32,20,33,0.869372917824866
32,54,26,0.877112504774686
32,40,73,0.834315874266189
32,35,50,0.860444079610186
32,93,3,0.909558879297096
32,69,6,0.909324620311734
32,63,24,0.874073399115308
32,22,7,0.907554629242215
32,91,94,0.802724266994363
32,34,32,0.855860531907968
32,38,46,0.855575323587419
32,39,12,0.900990613684367
32,49,22,0.857689254810672
32,28,12,0.898037095831634
32,56,86,0.814558194251256
32,72,98,0.790766535496008
32,92,11,0.864358196700527
68,5,12,0.882603013800631
68,13,3,0.917401830265432
68,67,75,0.802260830452901
68,23,22,0.860661773035942
68,15,28,0.851919089945301
68,2,61,0.81550123721571
68,75,11,0.866083751612444
68,65,68,0.809917588323528
68,17,5,0.899380342080594
68,33,31,0.846025890121764
68,7,2,0.921624682007944
68,95,51,0.803760423149613
68,27,3,0.916669117444357
68,16,15,0.879330051981515
68,6,18,0.865452367689608
68,4,15,0.879184278533868
68,37,45,0.831074663399947
68,71,42,0.833167184294844
68,9,10,0.887745395499522
68,3,28,0.852313627281329
68,45,68,0.810322543399446
68,0,24,0.857407251788122
68,44,61,0.816417781333641
68,14,45,0.831396450433145
68,82,12,0.854835364171315
68,30,1,0.927027984470947
68,12,82,0.796396375238211
68,36,39,0.837119560617438
68,85,32,0.845366457423546
68,29,61,0.816322118621965
68,20,82,0.796219671871636
68,25,11,0.883534087750365
68,40,48,0.82816786690816
68,35,21,0.86200047111017
68,99,78,0.792188262569077
68,84,42,0.833186223037878
68,22,55,0.821236210148876
68,1,9,0.889192444571757
68,91,71,0.808857980767257
68,34,79,0.799130903908242
68,39,50,0.824500807077924
68,24,19,0.863829883456909
68,31,6,0.890733509342237
68,50,36,0.841128415317882
68,97,86,0.783077558479528
68,47,96,0.787244696660117
68,96,27,0.832606478376693
68,58,66,0.810882982364217
68,18,41,0.834516167485093
68,72,58,0.817477632692741
68,8,52,0.823470303066975
55,5,20,0.871869219006968
55,94,92,0.807903292669243
55,48,73,0.810286105130999
55,77,46,0.838800457469216
55,23,23,0.865281862495585
55,15,88,0.817092926314295
55,2,14,0.882571318160643
55,33,48,0.836877342956822
55,7,89,0.814671726940843
55,95,26,0.832208089951317
55,62,92,0.81417597289681
55,87,41,0.833409898072479
55,59,50,0.827573751579485
55,4,39,0.849030716171321
55,90,50,0.821556183273374
55,81,1,0.906630536907012
55,21,9,0.892204202290585
55,10,5,0.897120942678457
55,42,82,0.820597564677593
55,9,99,0.810627389542439
55,3,7,0.893652434444452
55,51,72,0.827387909011053
55,83,21,0.870885575417156
55,0,2,0.910278902888964
55,11,17,0.874169841378889
55,89,18,0.872615294435434
55,14,89,0.814522037555884
55,53,69,0.825006122299756
55,73,25,0.859206741596193
55,60,42,0.845890260745811
55,12,1,0.919345084539823
55,78,37,0.849903180618909
55,36,66,0.82991974296521
55,66,35,0.85194228040052
55,29,44,0.839926278210806
55,54,10,0.891132269595157
55,40,12,0.875572932141229
55,99,75,0.793703839263859
55,93,93,0.813034809934378
55,63,48,0.837091049063141
55,1,54,0.835302546869059
55,34,44,0.840483732781145
55,38,39,0.849123182116035
55,19,18,0.872732000361003
55,24,70,0.819919172737094
55,28,76,0.824444253780455
55,96,59,0.804645041282571
55,56,63,0.823603508931979
55,18,67,0.829384994378182
55,72,49,0.824058197557721
55,8,86,0.819235696952841
55,92,66,0.810808761958269
5,94,37,0.844862003918925
5,48,34,0.848839562492808
5,13,11,0.910315011164989
5,77,47,0.839179954484006
5,67,16,0.874322604994381
5,23,7,0.921613699364669
5,15,30,0.868486887230169
5,43,76,0.828926913591516
5,2,2,0.935955265704184
5,75,36,0.837724196744255
5,65,61,0.838383712654657
5,17,13,0.906178978803564
5,33,12,0.881602634018119
5,7,1,0.944944601252617
5,95,4,0.871975543581241
5,62,89,0.829771085604567
5,27,15,0.898097789400239
5,16,19,0.889265776728263
5,6,23,0.886682627631102
5,59,18,0.867669200221866
5,4,14,0.903695667484172
5,57,91,0.816691609205707
5,37,43,0.851819914314632
5,41,51,0.847551710496908
5,88,86,0.811527327552357
5,52,89,0.820211900439896
5,81,7,0.875197821404241
5,21,33,0.876283519738638
5,71,8,0.887314020157942
5,10,46,0.867455452389195
5,74,85,0.816474039844249
5,42,36,0.87258759494985
5,9,9,0.916735717405188
5,3,3,0.934481918627325
5,45,27,0.846871945687334
5,0,1,0.947467610525381
5,11,30,0.877605997390835
5,44,40,0.851937763973669
5,26,24,0.861898013139537
5,14,9,0.902293026141082
5,82,6,0.869281151029094
5,53,74,0.823345010849696
5,73,12,0.877672941000616
5,60,78,0.826863788405698
5,46,48,0.855335376707232
5,30,23,0.887332592216644
5,12,3,0.92458085220793
5,36,9,0.890514470375725
5,66,79,0.840975648140559
5,29,4,0.91612648907842
5,80,27,0.847953098100569
5,20,22,0.884877415850532
5,54,75,0.84355091795107
5,25,11,0.893422118557519
5,40,9,0.887768895833264
5,35,17,0.892652302158728
5,99,41,0.824310649632575
5,93,98,0.818061277965047
5,84,81,0.795627257338706
5,69,57,0.848408360983857
5,63,59,0.846968072327713
5,22,26,0.885781310858943
5,1,5,0.931459816042888
5,91,15,0.876652673466859
5,34,15,0.874237325574485
5,38,48,0.853876733731296
5,39,53,0.855929910316429
5,19,37,0.872985209324199
5,24,7,0.90946226653967
5,31,23,0.871012582513511
5,49,19,0.860710364141547
5,50,22,0.867540459207523
5,97,72,0.792209305053404
5,47,92,0.810575971516187
5,28,55,0.853557863520827
5,96,50,0.811273587594486
5,58,45,0.833956983047357
5,56,60,0.825387926957588
5,18,18,0.892323884764302
5,72,1,0.918249058700997
5,8,34,0.874993268151153
5,92,22,0.849030220379587
94,48,43,0.833971456571702
94,76,1,0.91222935964182
94,2,7,0.881027137189721
94,65,42,0.839495862495782
94,17,26,0.854919273266586
94,7,35,0.846665435229363
94,62,13,0.872715545070736
94,16,9,0.878461182694028
94,59,12,0.873696788648772
94,88,59,0.826656746653936
94,81,63,0.811808654062598
94,21,99,0.802837773932531
94,42,27,0.853799322310574
94,9,8,0.88039601916279
94,3,21,0.861696966085832
94,51,34,0.847965887108985
94,0,22,0.860336171524421
94,11,15,0.871555267200849
94,44,25,0.85613521044233
94,26,76,0.82001743089086
94,14,32,0.850534280055205
94,82,76,0.790416409632275
94,53,83,0.815214277220615
94,46,63,0.826396507925205
94,12,76,0.820132642677974
94,78,96,0.803859034359337
94,36,33,0.848950580606121
94,85,88,0.811904746570989
94,66,30,0.852630319891012
94,20,13,0.872682064237317
94,54,96,0.804028374318003
94,35,27,0.853731767005809
94,93,99,0.802827350783062
94,63,73,0.822484554737239
94,22,2,0.904597525981351
94,91,49,0.829108501752123
94,39,4,0.887922413713829
94,24,66,0.822913487323376
94,28,79,0.818531524431178
94,72,21,0.857605061157635
48,13,98,0.79669404930186
48,76,49,0.823516858409892
48,67,16,0.86814936439875
48,23,94,0.799306830037427
48,2,5,0.895491356183762
48,65,40,0.838956171718846
48,17,42,0.835273062571151
48,7,18,0.864064564734203
48,62,63,0.816548026303804
48,27,88,0.802568446093679
48,16,56,0.821370164447228
48,59,1,0.913146879627137
48,70,69,0.813325956734402
48,4,30,0.850237060808719
48,90,8,0.882893827072389
48,41,30,0.850203372909378
48,88,6,0.885935177735192
48,52,35,0.848239641861754
48,81,29,0.835739618538409
48,21,37,0.842926308666557
48,86,61,0.817601057370093
48,61,88,0.802736035593251
48,10,23,0.860365672472466
48,42,17,0.867240147256851
48,9,47,0.827683232944489
48,3,8,0.88470668222447
48,51,6,0.885541075074792
48,0,3,0.899752376704157
48,11,26,0.855941359212182
48,44,4,0.895830427462357
48,26,28,0.852986675855594
48,14,2,0.900593025831368
48,53,77,0.80856233824436
48,46,30,0.849575258062345
48,12,28,0.852644421174933
48,78,94,0.798665376628424
48,36,56,0.821035569743074
48,85,73,0.810345651409847
48,66,63,0.817476464571361
48,20,35,0.847533275513354
48,25,77,0.809277014954135
48,40,63,0.816587042015026
48,35,63,0.817315767214422
48,69,54,0.822420366413219
48,63,15,0.870761561298499
48,22,13,0.877038638709709
48,1,19,0.863268446079448
48,34,39,0.840981079032028
48,39,12,0.877909472934579
48,19,71,0.810992007390997
48,24,14,0.875046340088651
48,31,93,0.791366503926237
48,28,24,0.858604031392054
48,56,10,0.879899071305896
48,18,56,0.820944146138461
48,92,70,0.80716453174956
79,77,19,0.864150017617431
79,2,74,0.827975753215003
79,33,42,0.852349798971897
79,62,5,0.890471961893777
79,90,15,0.865124315126081
79,41,28,0.867889281501009
79,21,12,0.882981406677505
79,71,80,0.806921805182464
79,86,21,0.874476509396095
79,10,7,0.887645699186096
79,42,42,0.852458858779865
79,3,18,0.876047788697638
79,51,26,0.869576780137188
79,83,17,0.87831173308122
79,0,29,0.866524337969598
79,11,57,0.844897259610891
79,44,42,0.849527278822182
79,89,75,0.827253643719517
79,53,77,0.822494671978582
79,60,1,0.933916266352447
79,46,48,0.851239848797834
79,78,21,0.873316449595027
79,36,15,0.879081893762919
79,66,27,0.86908471170145
79,20,6,0.888869506765832
79,54,42,0.851593814674754
79,40,41,0.851655187750551
79,93,73,0.828608583807467
79,69,91,0.818854761482758
79,63,7,0.888413364155774
79,28,4,0.891078378591771
79,96,83,0.790731187721603
79,18,2,0.928156773285804
13,67,30,0.849642850497547
13,23,25,0.86815343066899
13,15,11,0.899217251735509
13,43,28,0.875811563345856
13,2,57,0.846852021542208
13,75,2,0.899229935850232
13,65,45,0.848233523268317
13,17,23,0.889177510464378
13,7,2,0.934516460393636
13,95,93,0.774350536108861
13,27,12,0.904079596624947
13,16,40,0.86073687979661
13,64,34,0.868569528210051
13,6,5,0.919572891191288
13,59,85,0.812691839981333
13,70,39,0.840694240827919
13,98,16,0.86542300117718
13,4,9,0.911738422477443
13,57,32,0.869820171489831
13,37,14,0.886031139577394
13,52,81,0.824044377317427
13,71,95,0.795948981401536
13,74,46,0.844632416942655
13,9,45,0.858609960352939
13,3,80,0.825495451170781
13,45,12,0.870416528191022
13,0,57,0.846548848736661
13,26,32,0.85337832635198
13,14,6,0.912413933063559
13,82,3,0.882476697512375
13,30,16,0.900800732158747
13,12,78,0.825791086369123
13,29,19,0.885536195721876
13,80,23,0.853653277707597
13,25,4,0.921410949637942
13,35,44,0.859563428045114
13,99,42,0.823314067260064
13,84,1,0.909301419914499
13,1,3,0.932924360716997
13,91,74,0.810566018497245
13,34,43,0.848250002346195
13,19,92,0.813391188428321
13,24,6,0.914727387328149
13,31,14,0.89302256819824
13,49,48,0.824916408484906
13,50,1,0.94066455546104
13,97,12,0.875934505885812
13,47,7,0.905661967643513
13,96,90,0.78786259285772
13,58,4,0.910015215558823
13,72,44,0.826939525370369
13,8,20,0.889062746220661
77,23,71,0.822126285886021
77,2,36,0.844646708163325
77,33,4,0.899090260108967
77,95,23,0.835461869606633
77,6,88,0.8159359000862
77,90,52,0.820882321788658
77,41,3,0.905829976625136
77,81,99,0.794423767394601
77,21,1,0.923569365554768
77,71,36,0.845053027309976
77,61,27,0.856714381701273
77,10,6,0.890463646680074
77,42,69,0.824699144518561
77,3,14,0.872244545497789
77,83,12,0.874917831171944
77,45,95,0.795012901664956
77,0,11,0.87608009120256
77,11,30,0.853482261537363
77,89,19,0.863688660525698
77,53,25,0.86111945609866
77,60,2,0.906662258796804
77,46,81,0.8174970797833
77,12,21,0.861783968333731
77,36,60,0.830087709716198
77,66,81,0.817150522344024
77,54,10,0.87654980596839
77,40,21,0.861502701349276
77,99,95,0.7807244362792
77,93,94,0.812452081490788
77,69,58,0.832381161044723
77,63,53,0.835782916942671
77,38,5,0.891166400354464
77,19,16,0.867619000962892
77,28,65,0.826773501234641
77,96,38,0.818397534730265
77,18,8,0.88345447574496
77,8,58,0.831707191713815
77,92,14,0.85845338314763
76,2,8,0.891544622421655
76,65,49,0.839681472542573
76,17,18,0.870987857362119
76,95,66,0.790851862098491
76,62,5,0.90545266305536
76,16,3,0.908229636802518
76,87,55,0.82587731392782
76,59,49,0.829510962063899
76,88,53,0.833652480821872
76,10,92,0.813295861414128
76,42,81,0.819748292603224
76,9,19,0.869986063170688
76,3,27,0.857282027320685
76,51,6,0.896558167002351
76,83,40,0.848123518509398
76,0,33,0.855442468489073
76,11,4,0.906363688060365
76,44,20,0.869160529067347
76,26,44,0.844511601483062
76,53,94,0.812048078324333
76,46,79,0.821113077230409
76,12,38,0.848981548750332
76,78,10,0.884326359072308
76,36,36,0.853350413238422
76,66,78,0.822178081508984
76,20,2,0.90856534625886
76,54,27,0.856667143227376
76,35,97,0.811435383421365
76,93,34,0.850863170515689
76,63,97,0.810668464768274
76,22,22,0.867267086722126
76,91,95,0.801964319208035
76,39,30,0.855839188669991
76,28,60,0.831042242655901
76,56,30,0.853789317943586
76,72,90,0.793738312138814
67,23,24,0.85708112540717
67,2,7,0.88375219855498
67,75,8,0.876835820054917
67,65,25,0.855472093833566
67,17,13,0.875216642967826
67,33,48,0.825297553436186
67,7,1,0.906922275675177
67,27,10,0.878694538915075
67,16,46,0.826012167508425
67,6,86,0.795729846812468
67,59,33,0.838328881267472
67,4,33,0.838424118592329
67,41,91,0.793477726614672
67,88,64,0.815055242470925
67,52,83,0.797745027466474
67,21,79,0.800016756001803
67,71,2,0.894141066602041
67,42,42,0.829752729932479
67,9,6,0.884543188221959
67,3,25,0.855465226146252
67,51,48,0.825167246736749
67,45,37,0.834664634105117
67,0,23,0.864245170087094
67,11,63,0.816411748541722
67,44,33,0.838172773596919
67,26,46,0.826115533391359
67,14,5,0.889732518897907
67,53,64,0.815077404909654
67,46,94,0.790539661861458
67,30,20,0.8659961268972
67,12,67,0.813444555859755
67,36,58,0.819557749958687
67,85,28,0.852295021016623
67,20,32,0.841202668991433
67,25,73,0.805898306484418
67,35,4,0.890974697256827
67,84,84,0.795009006610505
67,69,48,0.825050310512891
67,22,20,0.866377829087394
67,1,16,0.873748292349394
67,91,3,0.89255243155697
67,34,74,0.804794535261142
67,39,13,0.874610972638324
67,24,9,0.88028279648881
67,31,48,0.824927845956959
67,49,91,0.793475273033988
67,50,42,0.83030433122814
67,28,8,0.880534671116974
67,58,77,0.801387129081403
67,72,12,0.875780194768104
67,8,40,0.831359558071662
67,92,46,0.825286188723173
23,15,23,0.869542175005058
23,43,23,0.869768291888233
23,2,32,0.858637106558353
23,75,13,0.863554452677405
23,17,46,0.85157858022814
23,33,9,0.893698747150049
23,7,6,0.922653981782023
23,95,11,0.85596953465816
23,27,17,0.884975175590929
23,16,38,0.856058784387693
23,64,61,0.828139017693947
23,6,10,0.904569854772298
23,59,94,0.802085135800132
23,4,2,0.930271003727417
23,57,79,0.812368865991126
23,37,19,0.877877888338456
23,90,96,0.795085746223615
23,81,34,0.833643617045001
23,21,74,0.817676501402137
23,71,32,0.849498428165733
23,10,36,0.857257210672814
23,9,16,0.88586624810565
23,3,2,0.929943895926708
23,45,85,0.802695570985874
23,0,1,0.932691323020769
23,11,82,0.8076332073065
23,44,52,0.840278836450238
23,26,97,0.798437582889755
23,89,61,0.827630131136669
23,14,57,0.837512095917654
23,73,75,0.815212474228394
23,30,9,0.905704814516506
23,12,22,0.872868063774302
23,36,35,0.85463263439799
23,29,19,0.88024647231352
23,80,20,0.85906244693397
23,20,51,0.843931839162822
23,25,6,0.917860366753941
23,40,29,0.860089411960774
23,35,76,0.81321980138945
23,99,3,0.900212497458091
23,84,77,0.803582970226751
23,22,90,0.802761143641612
23,1,4,0.927313123403601
23,91,33,0.856214282602165
23,34,33,0.855420801001098
23,38,86,0.806074855655586
23,19,38,0.855786366995215
23,24,9,0.898978764185646
23,31,4,0.926764720700188
23,97,15,0.868070671015917
23,28,34,0.857644200083113
23,96,3,0.898351276715872
23,58,27,0.856372018889199
23,18,34,0.858127683401237
23,72,10,0.883111115524859
23,8,21,0.876117469001427
23,92,39,0.827876759683798
15,43,9,0.912942201531246
15,2,42,0.856937244174014
15,75,28,0.848028550110271
15,17,77,0.830618116422518
15,7,18,0.882401895679106
15,95,14,0.849195871647777
15,27,14,0.890267062479807
15,16,29,0.86876990088317
15,64,5,0.923481068444043
15,6,1,0.971537656466662
15,87,31,0.838496514507474
15,70,17,0.862280197865811
15,98,14,0.867662213021413
15,4,4,0.939892670770601
15,57,19,0.881379662320583
15,37,1,0.976719027693611
15,52,12,0.878227478053316
15,61,48,0.850685824024899
15,10,7,0.911135767869826
15,74,40,0.852505060485667
15,9,99,0.815593361282504
15,3,75,0.833403607343455
15,45,8,0.87804499711494
15,0,59,0.84435501930692
15,26,48,0.837546956036315
15,89,36,0.856338954097346
15,14,74,0.829164253290826
15,82,41,0.81079484734962
15,30,46,0.853942447923382
15,12,16,0.883420979971358
15,29,22,0.878996017478321
15,80,39,0.833657055266072
15,25,16,0.88283448381792
15,40,94,0.817969157590466
15,99,17,0.856941265408814
15,84,9,0.880821562135871
15,1,5,0.93612312258624
15,34,27,0.858637975003595
15,38,57,0.847116724371489
15,19,13,0.895208521810262
15,24,59,0.827045504799996
15,31,8,0.914546910206257
15,50,63,0.818630222670942
15,97,21,0.852229472762168
15,47,1,0.928080199660643
15,96,15,0.86079789317031
15,58,13,0.880299117606451
15,8,2,0.951472938729271
43,75,34,0.839407946897213
43,7,74,0.829509377211108
43,95,55,0.799806038579027
43,64,1,0.960365103218178
43,6,2,0.946617969898701
43,70,47,0.832707027258522
43,98,12,0.871588434741811
43,4,18,0.896085628249512
43,57,5,0.92853845320555
43,37,4,0.931776364311713
43,52,14,0.876981937110215
43,61,52,0.848810073953775
43,10,85,0.822444625190436
43,74,14,0.88455290476278
43,45,27,0.847380681384807
43,89,80,0.827490305162282
43,12,72,0.831775270801342
43,29,10,0.899963919932792
43,80,1,0.918756837828791
43,25,11,0.893246880404233
43,99,1,0.922771742070052
43,84,25,0.858868189957838
43,1,12,0.90271231876493
43,34,67,0.825062233873147
43,38,82,0.823695867346234
43,19,33,0.868697619870328
43,24,41,0.850027762410711
43,31,26,0.862183942954844
43,97,1,0.922325379167447
43,47,11,0.88917502209162
43,96,38,0.818378626143015
43,58,1,0.917485136417353
43,8,6,0.922623904744213
2,75,90,0.786514693907327
2,65,29,0.870689467672446
2,17,13,0.909594429912331
2,33,68,0.835047132416656
2,7,12,0.910539482549176
2,95,7,0.867607426317629
2,62,29,0.880512030555742
2,27,28,0.873056765827139
2,16,5,0.919632796668013
2,6,75,0.846200606807119
2,87,15,0.853701970949777
2,59,6,0.889292830865935
2,70,73,0.816609441652808
2,4,26,0.890960660293221
2,37,97,0.805915777044072
2,90,66,0.816233132110631
2,41,20,0.8795639371954
2,88,20,0.871412621541806
2,52,32,0.858004933564659
2,81,7,0.875400687451367
2,21,34,0.881293174955228
2,71,21,0.859194910622965
2,86,91,0.815855223308383
2,61,81,0.830426791594412
2,10,11,0.903579007471824
2,42,9,0.905328117768522
2,9,9,0.917255416924555
2,3,5,0.922523947454797
2,51,2,0.912632637531131
2,83,83,0.83138235951019
2,45,13,0.868099744449195
2,0,4,0.930890598046935
2,11,2,0.933434573275018
2,44,16,0.882199805916207
2,26,2,0.919278963809261
2,14,4,0.912949218883486
2,82,10,0.860528281161752
2,53,6,0.890179001942086
2,73,29,0.858901727668688
2,60,44,0.853703394552626
2,46,28,0.874133189571386
2,30,47,0.854825738308948
2,12,1,0.941073967830026
2,78,27,0.866059881799269
2,36,7,0.909521265063071
2,85,76,0.835697588572528
2,66,47,0.871071077447797
2,29,50,0.8453313163108
2,80,72,0.795266165361342
2,20,7,0.918902192951058
2,54,43,0.86875390186912
2,25,65,0.826478522771504
2,40,22,0.866160846648701
2,35,17,0.89436754816572
2,93,32,0.852812144763856
2,69,32,0.865759935445242
2,63,24,0.874310874493223
2,22,20,0.898079329193664
2,1,16,0.9050235912145
2,91,25,0.863246592082181
2,34,10,0.88291217450364
2,38,31,0.870539777485763
2,39,39,0.876739157531949
2,19,23,0.881236963262065
2,24,27,0.868199870215453
2,31,45,0.830165782627097
2,49,4,0.899404519130696
2,50,43,0.83959567632819
2,28,35,0.875222318164906
2,58,77,0.803923690590552
2,56,2,0.906494873918186
2,18,31,0.874021940827954
2,72,5,0.895583665231831
2,8,24,0.886797602776571
2,92,39,0.827942721417279
75,17,52,0.825553495954827
75,33,56,0.822325839989329
75,7,5,0.884715029666159
75,27,1,0.902023950703452
75,16,82,0.795313226580366
75,64,75,0.802021074767457
75,6,5,0.884853756712342
75,98,30,0.836398807151171
75,4,26,0.85004074009743
75,57,96,0.784716593396301
75,37,58,0.817991345561436
75,71,37,0.836733029672177
75,9,49,0.829209815742365
75,3,73,0.804947132677208
75,45,2,0.899182349683406
75,0,65,0.8111643016286
75,26,99,0.781845963071132
75,14,45,0.829655229142483
75,30,7,0.879178268330381
75,85,61,0.815060577058776
75,29,90,0.786541877394831
75,80,72,0.794816856720343
75,25,20,0.854979039270184
75,35,67,0.809842832877648
75,99,26,0.839008572876785
75,84,15,0.862335540018566
75,1,4,0.894633055168415
75,91,38,0.835874886047481
75,34,80,0.79608966346033
75,39,98,0.782901126487365
75,24,31,0.843346126956152
75,31,17,0.859799237629667
75,50,31,0.842980552515821
75,97,18,0.858661697228696
75,47,40,0.834544322955433
75,58,29,0.847064431646472
75,72,87,0.792077699230815
75,8,10,0.873648937767185
75,92,74,0.80326862914412
65,17,2,0.929454272664845
65,7,13,0.88952216220022
65,27,17,0.885730625355484
65,16,4,0.91156044738431
65,59,15,0.873109853106281
65,70,37,0.844429182128128
65,4,36,0.858796487028413
65,88,43,0.842346237633047
65,52,94,0.807374300672543
65,9,14,0.888174933885522
65,51,85,0.811964497871076
65,45,88,0.799641499555147
65,44,81,0.815863742061492
65,26,29,0.858100495401158
65,14,7,0.895886693004794
65,82,70,0.793539651403534
65,30,17,0.885968103949692
65,85,21,0.879675624316506
65,20,75,0.819046915104252
65,35,19,0.885250940452307
65,84,70,0.807728313066846
65,22,16,0.886930078844337
65,1,21,0.879968982100483
65,91,16,0.876320453112594
65,39,6,0.903058736858488
65,24,28,0.864635934064508
65,31,86,0.7949542827119
65,49,99,0.798925371381216
65,50,6,0.894485126115543
65,56,87,0.810677762864356
65,72,88,0.795086083483167
65,8,100,0.804109353649138
17,7,9,0.922524129282922
17,95,45,0.808868760192905
17,62,71,0.835633498114361
17,27,4,0.928414667633431
17,16,1,0.960023795220926
17,6,80,0.826906200772347
17,59,45,0.835208916975851
17,70,98,0.80164866081767
17,4,23,0.893496877704513
17,88,24,0.865063031971131
17,71,32,0.848981060217319
17,10,92,0.822299570834796
17,42,97,0.817799832069491
17,9,1,0.951985894521156
17,3,38,0.870171241774253
17,51,76,0.833114743599626
17,45,56,0.820337210877687
17,0,29,0.878861805525461
17,11,47,0.857616359496594
17,44,19,0.877919172120807
17,26,6,0.890627923676503
17,14,23,0.876914035102487
17,82,16,0.847562181002857
17,46,94,0.819850334632641
17,30,2,0.949711992680578
17,12,55,0.849949584598456
17,36,10,0.887577221989953
17,85,5,0.911570091425152
17,20,14,0.904828186997018
17,25,46,0.841623611214884
17,35,3,0.938240668485164
17,84,73,0.805730768469591
17,22,14,0.908048948941518
17,1,14,0.907816357432249
17,91,8,0.895525477502619
17,34,71,0.823418266444907
17,39,15,0.905318217163367
17,24,33,0.862885550770323
17,31,20,0.878397209800895
17,49,30,0.846870365799768
17,50,9,0.887974132061989
17,28,69,0.837755994181002
17,18,66,0.841965814141439
17,72,16,0.868018850730692
17,8,66,0.841866144405481
33,7,42,0.852142268183544
33,95,38,0.814761139337042
33,27,63,0.829017120519664
33,4,98,0.820533624146351
33,90,41,0.835335971506779
33,41,27,0.866185201856693
33,81,58,0.816271042950035
33,21,3,0.920299593317347
33,71,6,0.89287043461026
33,86,16,0.878830799346639
33,10,53,0.845405094928854
33,42,58,0.841612376700941
33,9,23,0.868585534945544
33,3,1,0.934260833089211
33,83,97,0.82219039088077
33,0,2,0.932197238525206
33,11,32,0.864216043665012
33,44,53,0.839214905806607
33,53,11,0.883416802464684
33,60,48,0.846524086961826
33,46,12,0.882328883404102
33,30,79,0.824051355009058
33,12,85,0.828315456902977
33,36,24,0.867112287016598
33,66,67,0.836365742672263
33,29,91,0.820649225435443
33,20,25,0.866639575917393
33,54,35,0.859717843126069
33,25,62,0.8268485220621
33,40,4,0.911781047384055
33,99,46,0.817590042280707
33,93,31,0.854011539172942
33,69,35,0.860408078442628
33,63,63,0.838083125823876
33,22,57,0.843000046822881
33,1,68,0.834670222004833
33,34,79,0.817374413842996
33,38,58,0.841600400823844
33,24,70,0.819801271902247
33,31,51,0.82840307468765
33,28,6,0.904937015848217
33,96,14,0.86513892890474
33,18,4,0.917799219389598
33,72,46,0.82613086277719
33,92,2,0.898182248081686
7,95,21,0.837161228846209
7,27,2,0.943390013372288
7,16,10,0.91070766085736
7,64,83,0.818243674917035
7,6,23,0.901335415892623
7,59,15,0.872884232932815
7,70,98,0.801769154778764
7,4,8,0.928708662308743
7,37,33,0.861414268185286
7,90,85,0.801890263438743
7,41,97,0.816118385786068
7,88,95,0.806991548266227
7,52,95,0.813101018718683
7,81,65,0.811137817575254
7,71,15,0.869042635422128
7,10,59,0.853304784772622
7,9,6,0.930062842178244
7,3,15,0.911804795360849
7,45,33,0.840568415699865
7,0,13,0.917875615476114
7,11,87,0.830352168635754
7,44,18,0.881420577378587
7,26,39,0.846657884208153
7,14,2,0.932589084626017
7,82,19,0.846799278409352
7,30,6,0.932471090533671
7,12,23,0.874730287091324
7,36,11,0.887209845041776
7,85,28,0.878259845777373
7,29,50,0.844726651140196
7,80,32,0.838415264928178
7,20,27,0.878054346055222
7,25,9,0.898719630855313
7,40,46,0.851273010389081
7,35,23,0.890666590160943
7,99,25,0.841723641194154
7,84,13,0.869539796940644
7,22,30,0.888608083087304
7,1,2,0.942791588790865
7,91,1,0.913393976969534
7,34,33,0.854578512592754
7,39,26,0.891116255841812
7,19,92,0.825710346360558
7,24,3,0.928845979698713
7,31,11,0.905488249377444
7,49,83,0.803826415871329
7,50,16,0.878497060006298
7,97,26,0.846309952712307
7,47,51,0.833668780225921
7,28,48,0.862486094989517
7,96,44,0.814467272314282
7,58,21,0.864663993451658
7,18,59,0.852799406598462
7,72,3,0.910610453840197
7,8,34,0.877798030337634
95,62,63,0.792848160675072
95,27,17,0.843676014345588
95,16,15,0.84621469863171
95,64,84,0.779722380304338
95,6,10,0.856873059788291
95,87,29,0.827465401401497
95,4,6,0.868953833977112
95,37,22,0.835668781195106
95,52,78,0.785202346047327
95,81,46,0.807158677311041
95,21,59,0.79530519219424
95,71,98,0.772117018222431
95,61,61,0.793744520230807
95,10,9,0.865755736947804
95,9,26,0.832150866816802
95,3,1,0.882155107008659
95,83,33,0.822732708738017
95,45,70,0.789014742249477
95,0,7,0.867758827853834
95,11,63,0.792683741879897
95,26,80,0.783708479439317
95,89,96,0.772714601823813
95,73,72,0.787601911559119
95,60,52,0.802721924358343
95,30,40,0.812063053508274
95,12,5,0.87111009406925
95,78,37,0.815787244229325
95,36,16,0.844503551434803
95,29,12,0.85239281993606
95,80,57,0.797996312359533
95,20,39,0.813489445881313
95,54,28,0.830604406107649
95,25,25,0.833186531381421
95,40,24,0.83411976782412
95,99,43,0.810211322098233
95,93,87,0.775772240499048
95,63,98,0.772490427163717
95,1,3,0.873361001268837
95,34,75,0.786964655344406
95,38,54,0.801306271801002
95,19,32,0.823781787219005
95,31,13,0.850250585175691
95,49,93,0.774221514861319
95,96,29,0.827362201560075
95,58,87,0.776121313358106
95,56,76,0.786428069376242
95,18,31,0.82625205985684
95,72,56,0.798536477535619
95,8,2,0.875530120873749
62,16,49,0.848716933029993
62,90,68,0.814153336228052
62,41,97,0.815574017521999
62,88,45,0.839507341041814
62,21,43,0.870893110935744
62,71,93,0.800333907359296
62,86,54,0.840139319682339
62,42,60,0.856086409610666
62,9,43,0.871064439361169
62,3,18,0.891795963187495
62,51,1,0.913596093239078
62,83,8,0.905291735964167
62,0,32,0.87458134292766
62,11,27,0.885917533420608
62,44,33,0.858756121601548
62,53,37,0.847817939166554
62,60,20,0.880864110985971
62,46,18,0.888582842435357
62,78,2,0.921486400781653
62,36,4,0.918361661690257
62,85,96,0.82278114112021
62,66,46,0.868175412069585
62,20,1,0.938225309065922
62,54,32,0.875411675255182
62,40,66,0.839037372155086
62,93,14,0.875341212143354
62,63,2,0.915195356777065
62,22,18,0.8923989219414
62,39,68,0.853023573646013
62,28,11,0.898685534006885
62,18,8,0.905658089761505
62,72,71,0.806132698047351
27,16,4,0.927802733211507
27,6,19,0.884839397971188
27,59,60,0.823255258954727
27,4,6,0.92360750131898
27,37,30,0.863751694709707
27,71,45,0.840292980039003
27,10,79,0.816474142170592
27,9,7,0.920928048713994
27,3,25,0.876186970086306
27,45,21,0.852313299660197
27,0,28,0.873235236103895
27,11,87,0.811484648910018
27,44,48,0.844467588651404
27,26,59,0.830894395798265
27,14,37,0.859062192791735
27,82,60,0.797870072361755
27,30,1,0.953552891202179
27,12,58,0.836975132666446
27,36,26,0.864348152050138
27,85,25,0.876486527870633
27,80,68,0.795700044751272
27,20,54,0.839898554142164
27,25,26,0.87274983795447
27,40,84,0.811764871445425
27,35,27,0.874133329072512
27,99,64,0.801209378673936
27,84,33,0.847062084874191
27,22,50,0.846093957903291
27,1,2,0.945472596657904
27,91,14,0.890147001172556
27,34,66,0.824831631403848
27,39,43,0.854949311887032
27,24,22,0.872582474377428
27,31,7,0.917400119880749
27,50,27,0.853794163311512
27,97,62,0.800127569166263
27,47,68,0.821818371357822
27,28,94,0.80852090363054
27,96,52,0.809754457400781
27,58,42,0.836864995103743
27,18,77,0.817214418407844
27,72,18,0.86530796262154
27,8,21,0.879796684537367
16,6,55,0.844636418862029
16,87,64,0.82131999673907
16,59,31,0.847368461787294
16,70,89,0.808126065883446
16,4,6,0.919287118906953
16,37,81,0.818932612021093
16,88,41,0.84288518147523
16,71,79,0.808479187922622
16,10,49,0.849012368138527
16,9,2,0.947592921390853
16,3,23,0.884110529230143
16,51,62,0.838217178322153
16,45,30,0.843674379946337
16,0,19,0.888955477811857
16,11,21,0.888164465529249
16,44,29,0.862492464532409
16,26,5,0.903596889876937
16,14,29,0.868353443499681
16,82,15,0.850516653163355
16,53,61,0.829842423461075
16,30,3,0.936635926175888
16,12,20,0.881728390083112
16,78,54,0.836808789524616
16,36,13,0.883805295237257
16,85,33,0.867956359274843
16,20,16,0.893120457108371
16,54,57,0.843479382590958
16,25,38,0.847663741138895
16,40,61,0.839287536148123
16,35,13,0.89801102540118
16,84,86,0.793558285020327
16,22,18,0.88958966522937
16,1,7,0.917878375605084
16,91,18,0.874489319892584
16,34,44,0.846588877045558
16,39,22,0.887245549718106
16,24,29,0.863711788784778
16,31,15,0.891723250586422
16,49,16,0.865226834635524
16,50,25,0.855134964912081
16,28,86,0.822734699948992
16,96,93,0.786071804936999
16,56,52,0.833873590347172
16,18,64,0.837298018077661
16,72,17,0.866711977148419
16,8,38,0.862864074213252
64,6,3,0.940601180130058
64,70,11,0.867682454246797
64,98,18,0.862445134693257
64,4,10,0.903955774066622
64,57,17,0.886483544391612
64,37,2,0.950519414014802
64,52,47,0.845805952151807
64,10,90,0.811235294531046
64,74,64,0.827690833817015
64,45,95,0.795215728310923
64,29,51,0.84356336582172
64,80,15,0.871289448473959
64,25,22,0.883270377638568
64,99,4,0.89391068952938
64,84,3,0.898281626073602
64,1,14,0.895345166477683
64,19,65,0.832235227405445
64,24,79,0.816112748781303
64,31,22,0.872427267267854
64,97,2,0.918921209991102
64,47,2,0.916514099832421
64,96,99,0.783623886135642
64,58,9,0.894822538495247
64,8,11,0.899009953309392
6,87,66,0.818734730458551
6,70,17,0.86230428403313
6,98,5,0.884520854545511
6,4,3,0.946542477293783
6,57,10,0.909039907887743
6,37,2,0.968090802586093
6,52,14,0.87739859601185
6,61,20,0.880133043658404
6,10,12,0.903056410409781
6,74,18,0.883056311263508
6,3,45,0.86511236169115
6,45,6,0.880124805518334
6,0,38,0.874524643794802
6,26,51,0.83430923120415
6,89,25,0.871681635713118
6,14,48,0.849748232676098
6,82,47,0.807026529471644
6,73,98,0.811069326777587
6,30,46,0.855826947830726
6,12,25,0.872267743491698
6,29,4,0.915653395600636
6,80,7,0.886039218685596
6,25,6,0.918094476835262
6,40,60,0.843378976757099
6,99,2,0.910606976472652
6,84,7,0.884312416242629
6,1,2,0.947669306808403
6,34,8,0.886442374632587
6,38,39,0.860649022551606
6,19,7,0.911510554914509
6,24,29,0.863661463571266
6,31,5,0.930129470837421
6,50,72,0.814139716774345
6,97,4,0.910213219373368
6,47,4,0.912045909025448
6,96,4,0.897155449744992
6,58,5,0.908715542295495
6,18,88,0.832622538833744
6,8,1,0.953739549899996
87,70,27,0.841775866108012
87,4,19,0.851110454585124
87,57,89,0.807087948356267
87,37,99,0.801690256278865
87,52,15,0.854125811446469
87,81,71,0.807376700806114
87,61,29,0.839025777826639
87,10,13,0.866455426335923
87,74,61,0.824453052316999
87,45,48,0.824664380632766
87,0,55,0.825988322658609
87,11,55,0.825943385390942
87,26,41,0.83344800064641
87,73,83,0.809106253244121
87,12,7,0.88753581174132
87,29,64,0.820877408400515
87,80,35,0.834621707442683
87,54,99,0.802363327998888
87,1,49,0.829201074432474
87,34,94,0.804846983566221
87,38,25,0.844273514767682
87,19,12,0.872552747697965
87,31,98,0.787318733178921
87,49,90,0.802424284808351
87,56,5,0.890688652599807
87,8,3,0.897240430627352
59,4,27,0.852733499751902
59,88,10,0.882773438861653
59,52,41,0.837987393782609
59,81,47,0.824220468782724
59,21,66,0.820672343835317
59,42,24,0.85830287884376
59,9,26,0.856078012439832
59,3,18,0.86842669205531
59,51,36,0.844149626027398
59,0,8,0.883522644203758
59,11,13,0.874617425016025
59,44,21,0.862486734388801
59,26,27,0.852709812202554
59,14,2,0.916696803196739
59,82,86,0.78465267026737
59,53,38,0.839531195369804
59,46,48,0.830922787302508
59,30,90,0.810958093110931
59,12,31,0.84734755158032
59,36,85,0.812991849654741
59,85,74,0.816738012539689
59,66,100,0.8067829201053
59,20,60,0.822670530052128
59,25,74,0.816869122986892
59,40,97,0.808279048804197
59,35,20,0.865448769800259
59,63,30,0.849310179067874
59,22,1,0.930207451594096
59,1,11,0.877759225251408
59,91,63,0.819000868083913
59,34,12,0.877288967799045
59,39,4,0.911056518110227
59,24,6,0.888911831204512
59,49,45,0.825551824499117
59,50,60,0.822068272357474
59,28,35,0.844741056162853
59,56,24,0.858475770422446
59,72,71,0.806138974115667
70,98,61,0.812751745061304
70,4,7,0.877325264074832
70,37,56,0.826895315243256
70,52,3,0.885414171785845
70,61,90,0.80681958676366
70,10,59,0.825206789247401
70,45,54,0.822162534843419
70,26,17,0.861820266066757
70,14,9,0.869631429665512
70,80,57,0.810164019310124
70,25,60,0.824292761505933
70,84,39,0.838326422651902
70,1,14,0.865981185113503
70,34,29,0.849205746525555
70,19,60,0.823728019629688
70,24,76,0.816047133991108
70,31,79,0.804148587381316
70,50,49,0.831433015627036
70,97,76,0.790801037597711
70,47,2,0.892304465551698
70,58,57,0.82172172057462
70,56,22,0.856686777795483
70,8,1,0.89266502856679
98,4,74,0.802654918783049
98,57,4,0.885918426629146
98,37,28,0.84347468019533
98,52,34,0.831047654472861
98,61,21,0.853499912252337
98,74,5,0.884672725637801
98,45,14,0.865156286101706
98,29,43,0.827382429202264
98,25,60,0.814268127736753
98,99,54,0.812626474963029
98,84,25,0.849871910836868
98,1,50,0.823111135484362
98,38,40,0.829099660352636
98,19,47,0.823669635212649
98,50,69,0.807803229961399
98,97,54,0.807919614725279
98,47,1,0.908492541752776
98,58,26,0.846835904689964
98,8,13,0.871333985719699
4,57,53,0.847780706374798
4,37,4,0.93579578181334
4,52,9,0.880633870335274
4,81,86,0.800599894829743
4,10,20,0.894495261023809
4,74,75,0.822364239799588
4,9,24,0.892528048068917
4,3,16,0.903775804524305
4,45,15,0.861979345515777
4,0,15,0.910408833633131
4,11,79,0.830282105192167
4,44,53,0.838607227687777
4,26,11,0.876133670251621
4,14,17,0.887891793028224
4,82,39,0.81443904801575
4,30,10,0.925268845217394
4,12,15,0.887981633113359
4,36,53,0.842368931980825
4,29,21,0.885041110546907
4,80,11,0.87939185168458
4,20,87,0.825708144343076
4,25,1,0.943891306638831
4,40,27,0.861211283923654
4,99,7,0.88672887481962
4,84,8,0.882393584552688
4,22,87,0.825511744278084
4,1,1,0.97898225171061
4,91,49,0.829010251244891
4,34,3,0.899884817210018
4,38,82,0.829204767424887
4,39,100,0.819193797758658
4,19,23,0.881437097733433
4,24,5,0.920154040081645
4,31,1,0.957452483165536
4,49,41,0.830958475419983
4,50,48,0.835880294674365
4,97,16,0.865707210933206
4,47,24,0.863685713156453
4,96,12,0.871195562488613
4,58,7,0.902587213366304
4,56,34,0.850301433622188
4,18,67,0.838810476014812
4,72,49,0.823663902471327
4,8,4,0.935369226772486
57,37,14,0.886380123562338
57,52,55,0.842889161479182
57,61,18,0.882913459521407
57,74,1,0.947013323539481
57,45,24,0.850044084337121
57,89,59,0.840415764130229
57,82,21,0.83741399797558
57,73,9,0.88548624025503
57,12,71,0.831907727688835
57,29,1,0.936764777566
57,80,3,0.896834680520556
57,25,22,0.882674095090919
57,99,29,0.838254594379102
57,1,58,0.844838301443161
57,34,67,0.82542875779967
57,38,57,0.846066079461573
57,19,38,0.865438913224098
57,24,77,0.817086917610015
57,31,64,0.819004509541039
57,97,22,0.850953330791707
57,47,22,0.867814502478988
57,96,38,0.817734185566689
57,58,10,0.890919695538168
57,8,16,0.888544366131257
37,52,42,0.852962593023434
37,61,77,0.820620018276538
37,10,18,0.882340062010217
37,74,55,0.837030840934545
37,3,84,0.817199698750087
37,45,48,0.824971137828727
37,0,66,0.827950288323309
37,89,32,0.861095573706385
37,30,61,0.832390430103772
37,12,37,0.857300985002465
37,29,17,0.885181596053221
37,80,21,0.857116692366747
37,25,13,0.892269678593929
37,40,100,0.803763719692135
37,99,11,0.876086502401484
37,84,10,0.876765754700127
37,1,6,0.927309571994919
37,34,56,0.833511518240048
37,19,22,0.876255477528109
37,24,58,0.829768763629271
37,31,9,0.912024599701097
37,97,10,0.878403326246629
37,47,8,0.89952387011308
37,96,10,0.871864691819169
37,58,18,0.871524914002018
37,8,8,0.914706525235015
90,41,12,0.8711012099942
90,88,80,0.804464744803208
90,21,15,0.864696650628175
90,71,80,0.803572381458906
90,86,32,0.842329842120479
90,10,5,0.888523936862782
90,42,80,0.804171367480594
90,9,94,0.796886673502727
90,3,10,0.87150413427647
90,51,28,0.846761069297338
90,83,36,0.836596820151783
90,0,6,0.886707056811083
90,11,35,0.838116606979183
90,44,2,0.895424544474504
90,89,23,0.85344671680891
90,60,7,0.885922854921013
90,46,20,0.856153449990912
90,12,52,0.821328923963388
90,78,38,0.835515788674102
90,36,71,0.811076437143696
90,20,45,0.827616000576856
90,40,61,0.817285646054439
90,69,84,0.803337117920105
90,63,33,0.840574013219843
90,22,99,0.791527566880743
90,19,57,0.818326564868095
90,28,9,0.876572660709424
90,96,96,0.785115356892912
90,18,14,0.87029624955809
90,92,85,0.802116595801883
41,88,49,0.838371366949054
41,81,86,0.800948952079997
41,21,1,0.919409098130514
41,71,50,0.836316425047287
41,86,17,0.878832765021396
41,61,32,0.864001098526339
41,10,13,0.892049374672891
41,42,14,0.888205059262368
41,3,17,0.886681822195333
41,51,70,0.834989631289925
41,83,75,0.831860142732895
41,45,69,0.809592816865615
41,0,5,0.901572686719423
41,11,9,0.895049555380207
41,44,33,0.85942820736716
41,89,55,0.843282437231785
41,14,68,0.831841629226144
41,82,45,0.807516211040703
41,53,7,0.887890314006906
41,60,4,0.903780664680261
41,46,9,0.895434598329628
41,12,35,0.861287315154612
41,36,70,0.831234330439928
41,66,26,0.868910942671279
41,20,42,0.85469618420948
41,54,52,0.84584735672879
41,40,18,0.869413419791566
41,69,9,0.894972158830063
41,63,34,0.862545637119695
41,34,45,0.845622095746248
41,38,7,0.897767352866614
41,19,23,0.876809717779966
41,49,78,0.804839767061191
41,28,43,0.853960417801495
41,18,8,0.896843162243817
41,92,8,0.881215504601934
88,21,100,0.803348268089212
88,42,13,0.882739440254275
88,9,29,0.860551730815483
88,3,40,0.845673054825644
88,51,22,0.867022716687184
88,0,36,0.851679057708997
88,11,16,0.881217334919858
88,44,3,0.906184583710939
88,26,27,0.861156282185092
88,14,45,0.839773146901326
88,53,59,0.826837078494233
88,46,17,0.879705642781823
88,78,97,0.804603485653205
88,36,52,0.835105319526889
88,85,15,0.881720669307009
88,66,63,0.825988028407595
88,20,32,0.856422236822107
88,35,10,0.88558272467555
88,93,81,0.813863689476185
88,69,53,0.833880941845318
88,63,19,0.872770460914933
88,22,2,0.915068007594362
88,34,100,0.802983314548968
88,39,4,0.906245731278549
88,49,55,0.820166481032812
88,50,96,0.790845343200767
88,28,27,0.863342744155611
88,56,96,0.806128779029275
88,18,69,0.820500266118261
52,81,79,0.804153255558651
52,61,46,0.851513698991613
52,10,52,0.844346619300147
52,74,47,0.842527517678001
52,45,4,0.890099056904588
52,0,92,0.815480861242072
52,26,12,0.873592033362871
52,14,23,0.866086763843155
52,73,98,0.811390706809387
52,12,18,0.876201436394773
52,29,72,0.830785708779052
52,80,24,0.852607353989293
52,25,67,0.825266497145894
52,99,43,0.820135516060475
52,84,86,0.793562211419153
52,1,2,0.901457491237312
52,34,12,0.8765964459359
52,38,57,0.842170127009925
52,19,47,0.850707615402713
52,24,53,0.836801792188829
52,31,96,0.789435570047018
52,49,39,0.834373462879262
52,50,76,0.809935246577211
52,47,10,0.879279704781829
52,58,27,0.855884290246932
52,56,6,0.886859595452849
52,8,1,0.915557402275306
81,21,6,0.875665657206165
81,61,52,0.819253259447437
81,10,61,0.813851262032289
81,74,99,0.794313771070513
81,42,13,0.860283585697756
81,3,5,0.878010343303523
81,51,83,0.803369248348179
81,0,2,0.905048293267175
81,11,36,0.833302861561227
81,26,71,0.806852139782352
81,14,26,0.838858318681334
81,82,84,0.786177096803121
81,53,86,0.800700803225318
81,73,4,0.89390149270387
81,12,3,0.903349055018529
81,66,16,0.857003449565716
81,29,19,0.85064773280513
81,80,48,0.821755382904423
81,20,79,0.803793008712614
81,54,27,0.838256171864201
81,25,93,0.797641963928813
81,40,71,0.806685857829756
81,69,29,0.836051640551413
81,63,71,0.807232096230935
81,1,59,0.815074541010495
81,34,71,0.807107813762861
81,38,50,0.819593423435586
81,19,59,0.814654430892214
81,24,24,0.843735638050915
81,49,48,0.822482110643549
81,28,96,0.795917378414965
81,56,36,0.832955601364506
81,72,32,0.835407378106099
81,8,93,0.798171151044216
81,92,61,0.813984635257151
21,71,26,0.85477789195254
21,86,4,0.899726482744762
21,61,95,0.822765932196401
21,10,37,0.875054003274312
21,42,5,0.919601725586857
21,3,5,0.920355079521773
21,51,21,0.876537387124712
21,83,4,0.910658037298855
21,0,3,0.926657231048769
21,11,10,0.910064586205065
21,44,66,0.833770089861283
21,89,81,0.830166093283305
21,53,4,0.905803952137177
21,73,81,0.819668467907862
21,60,8,0.903703423232351
21,46,18,0.889431746940959
21,12,18,0.884869626395011
21,78,86,0.822471385066306
21,36,46,0.848289427430398
21,66,6,0.914709126517269
21,20,45,0.865061879892682
21,54,6,0.907085625614982
21,40,6,0.90502274708485
21,93,4,0.908659725500203
21,69,10,0.904103351614931
21,63,1,0.916893329042252
21,22,73,0.853956554834184
21,34,71,0.822928469525391
21,38,27,0.872933543425056
21,19,76,0.841109930694627
21,28,5,0.909777211465053
21,18,14,0.899030930784041
21,72,63,0.813786920060052
21,92,1,0.905855780645706
71,42,44,0.841928349960409
71,9,3,0.903935023047981
71,3,14,0.869504170092231
71,51,81,0.805972177986195
71,0,12,0.878365078398251
71,11,59,0.825080909284993
71,44,56,0.827705058646141
71,14,96,0.794726759648995
71,53,69,0.814373639087052
71,60,93,0.800158837739767
71,46,41,0.843604773491031
71,30,32,0.849000547809003
71,12,63,0.822703649033303
71,36,18,0.863465704966118
71,85,25,0.856385147103441
71,20,20,0.861452089758106
71,35,4,0.899481468982962
71,69,31,0.8498659212877
71,22,36,0.84659623120072
71,1,85,0.804142814535174
71,91,19,0.861597269533735
71,39,46,0.838691086108297
71,24,71,0.810743682601935
71,28,7,0.891061007811746
71,18,26,0.854981720188855
71,72,9,0.883645363788923
71,92,6,0.883537045373235
86,42,41,0.852051874984642
86,3,5,0.898834852254585
86,0,9,0.890131295072422
86,11,39,0.854473878030382
86,44,37,0.856355012212736
86,53,50,0.837400305516107
86,60,34,0.859835537004496
86,46,8,0.892339720981049
86,66,10,0.888403227419416
86,20,11,0.88701498375709
86,54,99,0.813142318296407
86,40,16,0.870574967207706
86,93,68,0.829305211320402
86,69,15,0.880989881458973
86,63,47,0.84460961276577
86,22,66,0.83124348066948
86,28,3,0.900589584400456
86,96,91,0.787273643530437
86,18,6,0.898243685533764
86,92,15,0.856839429667037
61,10,10,0.897428978137091
61,74,3,0.91053820150525
61,3,88,0.825205381747715
61,45,79,0.804916914171563
61,0,52,0.849282195181989
61,26,74,0.824000822860792
61,89,7,0.889677026134306
61,82,87,0.783904575048781
61,73,15,0.875230910160178
61,60,89,0.819646446658393
61,12,38,0.859617919781368
61,29,8,0.898644995756677
61,80,75,0.794060096576177
61,25,95,0.8049362300226
61,99,63,0.802564753376024
61,1,97,0.820657489357603
61,34,30,0.857160832851993
61,38,1,0.919803630491399
61,19,2,0.915179192339092
61,49,62,0.813478869447992
61,97,100,0.766933256226161
61,96,64,0.804055698149539
61,58,41,0.838289123391616
61,56,51,0.834500102877311
61,8,16,0.883503234809503
10,9,99,0.827975005442631
10,3,12,0.903129822647305
10,51,37,0.86027194089755
10,83,23,0.881728745015845
10,45,77,0.805581222292551
10,0,6,0.914294621974752
10,11,43,0.869353646746203
10,44,40,0.852475720264296
10,26,57,0.832092369902205
10,89,2,0.925790088324678
10,14,88,0.822454544328407
10,82,92,0.781135399540536
10,53,56,0.832756155818598
10,60,3,0.923361332534313
10,12,4,0.918391636415039
10,78,4,0.900271847762484
10,36,31,0.857508366670938
10,29,52,0.843919057115133
10,20,71,0.847115902754996
10,54,38,0.87331367822635
10,25,84,0.815268235339026
10,40,5,0.905507161618722
10,99,64,0.801495381701238
10,63,40,0.860973194373711
10,1,36,0.876137352065051
10,34,14,0.875019038064452
10,38,11,0.891290952097136
10,19,1,0.937345773635696
10,31,30,0.853679354558178
10,28,97,0.835887961090862
10,96,17,0.858370538750994
10,58,94,0.795667238349931
10,56,34,0.849902113854765
10,18,9,0.906871882344246
10,8,17,0.894688342004707
74,45,32,0.842500594807247
74,0,98,0.807871671725717
74,89,79,0.818781150886499
74,82,30,0.825672679660227
74,73,6,0.890545519320671
74,12,71,0.82517647940434
74,29,2,0.930608486808417
74,80,22,0.855869801555187
74,25,25,0.867202100305307
74,99,53,0.81443265867837
74,1,66,0.826786646016006
74,34,97,0.806191212649004
74,38,24,0.867618632838641
74,19,31,0.858294601591953
74,31,91,0.791507416237185
74,49,62,0.813347455107696
74,97,67,0.795145786988242
74,47,39,0.842398686086792
74,96,83,0.790989295786671
74,58,26,0.85652360703374
74,8,12,0.88867149438708
42,3,35,0.874263128218705
42,51,9,0.897159559787832
42,0,18,0.894501077563682
42,11,5,0.922934400849388
42,44,31,0.860597815920908
42,26,78,0.821108335043116
42,14,65,0.837026569891797
42,82,40,0.812114363402322
42,53,7,0.888164523394958
42,73,87,0.818348032616769
42,60,89,0.820237937039214
42,46,11,0.89484134480249
42,12,34,0.862851277675755
42,36,44,0.849710500106426
42,66,1,0.939549509208622
42,20,31,0.872844262777414
42,54,67,0.848523909764048
42,40,76,0.832047283863188
42,35,31,0.878793489737858
42,93,7,0.887844152323052
42,69,1,0.945551077779619
42,63,4,0.904539348091125
42,22,22,0.891525047864518
42,34,76,0.818555381160493
42,38,100,0.823528210674663
42,39,51,0.861600925450848
42,49,37,0.838178039224181
42,28,40,0.870340044504583
42,18,65,0.850533848842264
42,72,42,0.828921883376314
42,92,19,0.852222606221767
9,3,13,0.915186547446314
9,51,75,0.838350889559945
9,45,56,0.819948863179606
9,0,15,0.915304578269414
9,11,25,0.889927781355499
9,44,6,0.89891861850932
9,26,17,0.868625391180591
9,14,24,0.876418274291353
9,82,29,0.827563032511023
9,53,39,0.845845020811687
9,46,31,0.868073226894816
9,30,4,0.942000453754798
9,12,42,0.858041210660236
9,36,4,0.921556234397893
9,85,4,0.917748398582929
9,20,4,0.92406858083099
9,54,95,0.832040256059509
9,25,38,0.848093075990906
9,40,54,0.847833225108137
9,35,1,0.944288014019627
9,93,99,0.816515675301751
9,84,97,0.784170651415147
9,22,4,0.932573168461922
9,1,27,0.889701425292167
9,91,2,0.911901767386986
9,34,81,0.816227675218882
9,39,6,0.92361842537165
9,24,15,0.882297977766394
9,31,18,0.878563086722745
9,49,29,0.847788442473108
9,50,46,0.836724866590909
9,28,6,0.905203856250675
9,96,93,0.786188146302237
9,18,25,0.881320054405895
9,72,2,0.916148207257838
9,92,79,0.80431512091856
3,51,45,0.854864232562858
3,83,39,0.862161249383429
3,45,89,0.798684187552171
3,0,1,0.985650527585166
3,11,8,0.910897461017652
3,44,2,0.916052982921991
3,26,42,0.846086982425002
3,89,66,0.837425875590965
3,14,32,0.864170133504121
3,82,99,0.778206255394396
3,53,9,0.885278120241068
3,73,63,0.835198482397831
3,60,19,0.881920203198577
3,46,2,0.911894212813649
3,30,35,0.865077993149124
3,12,11,0.89551827936048
3,78,28,0.861038461503832
3,36,1,0.924583257482244
3,85,91,0.824784488004426
3,66,42,0.877566950080264
3,29,32,0.863922096766171
3,80,77,0.793204770152209
3,20,2,0.928010478097607
3,54,34,0.875317513682532
3,25,28,0.871907244873167
3,40,1,0.927680704682366
3,35,71,0.850494028384643
3,99,39,0.826922387363736
3,93,20,0.864585094187176
3,69,46,0.85261180935895
3,63,7,0.898286112428409
3,22,23,0.896015686203523
3,1,18,0.909126465230515
3,91,39,0.844979477762285
3,34,9,0.884337602524942
3,38,49,0.853346675383924
3,39,52,0.868206093997179
3,19,21,0.882238889592062
3,24,14,0.885648397001284
3,31,17,0.881698654278066
3,49,44,0.827275686279104
3,28,1,0.930337717482342
3,96,7,0.883693762309525
3,58,76,0.804768975799837
3,56,57,0.830485990379439
3,18,1,0.939347819262143
3,72,11,0.880509105673294
3,8,64,0.846056444237913
3,92,11,0.863879333034485
51,83,16,0.884001483460857
51,0,41,0.857431134124822
51,11,3,0.906661083195054
51,44,33,0.859071443517202
51,26,96,0.813610337278231
51,53,12,0.880615673125149
51,60,50,0.848746028522612
51,46,80,0.836870788428644
51,12,50,0.851027442238147
51,78,14,0.878282630550835
51,36,23,0.870083421301903
51,66,87,0.835131813647292
51,20,24,0.875097949196403
51,54,93,0.831906834158378
51,93,15,0.872571346855755
51,63,5,0.903770333690784
51,22,27,0.871746704823367
51,39,34,0.86402553492658
51,28,12,0.893558856348865
51,56,71,0.820924039162926
51,72,100,0.790407587224158
83,0,42,0.857858074235447
83,11,27,0.87534211576641
83,53,40,0.844193451208205
83,60,3,0.92146925122176
83,12,57,0.846730081693714
83,78,4,0.9003916031015
83,36,58,0.837939671677701
83,66,90,0.827490266403804
83,20,63,0.844771870465646
83,54,1,0.928383087351736
83,40,41,0.852379635067679
83,93,19,0.865839087599679
83,63,16,0.885139982177205
83,28,65,0.844235828085746
83,18,36,0.864719744398694
45,0,52,0.823214959818044
45,11,72,0.808805622445189
45,26,7,0.879225360910968
45,14,19,0.856520786130406
45,82,8,0.8623007324739
45,53,79,0.805350694785815
45,73,83,0.803745282230184
45,30,52,0.823026925444228
45,12,18,0.858210810436296
45,29,37,0.836880805039495
45,80,42,0.828801620560559
45,25,35,0.837754753844179
45,35,93,0.796897459588319
45,99,61,0.806891641666181
45,84,56,0.819687806215136
45,1,3,0.895698359241184
45,91,99,0.794077434798892
45,34,21,0.851854660365391
45,38,9,0.873751753809116
45,19,30,0.843633670128258
45,24,37,0.836950905541155
45,31,56,0.819598520242452
45,49,9,0.871820203578988
45,50,10,0.87162251818353
45,97,86,0.782623702968143
45,47,5,0.885162211387659
45,58,21,0.851921960651867
45,56,62,0.817258213890325
45,8,1,0.931645942058911
45,92,49,0.824321644710022
0,11,5,0.923460880337615
0,44,1,0.923087529494443
0,26,21,0.865405173990398
0,89,41,0.855448821986549
0,14,15,0.890293551225848
0,82,26,0.829401549412529
0,53,9,0.884849342694856
0,73,12,0.87761222763965
0,60,18,0.882885278304717
0,46,4,0.909178128357615
0,30,33,0.866441045833526
0,12,2,0.92835935981328
0,78,32,0.858272902448765
0,36,6,0.913886797460365
0,85,98,0.822060026001854
0,66,18,0.896373366808322
0,29,18,0.887072161373952
0,80,47,0.826263709515757
0,20,7,0.921887873509681
0,54,19,0.891191571457713
0,25,11,0.893185824510442
0,40,3,0.922483732206319
0,35,49,0.866308875211193
0,99,33,0.829643837311034
0,93,30,0.854819006112205
0,69,21,0.87862447951808
0,63,10,0.892325453137137
0,22,22,0.899617049058585
0,1,15,0.915145102940052
0,91,42,0.841821547301307
0,34,4,0.898573729382034
0,38,17,0.881527153735255
0,39,41,0.876496849697023
0,19,15,0.893797406326064
0,24,7,0.909242913886533
0,31,21,0.875302411438391
0,49,20,0.858837423987529
0,97,89,0.779467647663394
0,28,3,0.915756333673216
0,96,8,0.878583944445775
0,58,59,0.820934471931558
0,56,28,0.857158095723176
0,18,2,0.936058566223758
0,72,7,0.884526981627705
0,8,49,0.862318312100379
0,92,6,0.883915302053334
11,44,16,0.882462768129493
11,26,19,0.866324354371116
11,14,48,0.850031527129134
11,82,24,0.831550403898289
11,53,2,0.923106042404195
11,73,66,0.832030445946075
11,60,43,0.855985402179702
11,46,3,0.910950079181507
11,12,8,0.900068759975652
11,78,21,0.873329748530048
11,36,20,0.875916358384792
11,85,90,0.825849466321397
11,66,8,0.909723705133126
11,20,15,0.904422721892984
11,54,2,0.924780136529349
11,40,18,0.868923218390355
11,35,42,0.87071765584866
11,93,5,0.90498335201843
11,69,11,0.89946161818903
11,63,9,0.894331621647735
11,22,12,0.908130996909632
11,1,79,0.835075542555325
11,34,7,0.887048380527366
11,38,29,0.871797499668798
11,39,37,0.877500284276204
11,19,70,0.844145218038157
11,24,87,0.814198890014063
11,49,14,0.868227037558749
11,28,27,0.886173542042359
11,56,26,0.858434437722935
11,18,25,0.881383038948641
11,72,38,0.833691451303877
11,92,30,0.84100290734678
44,26,90,0.815619346766121
44,14,39,0.853149363401132
44,53,74,0.822867113201586
44,60,82,0.821749877605514
44,46,8,0.896516183557277
44,30,53,0.839322859757069
44,12,61,0.836948411308755
44,78,45,0.844683706432802
44,36,12,0.885793404329182
44,85,15,0.883442837750948
44,66,49,0.842712979091925
44,20,3,0.906029772926198
44,40,72,0.829203885420906
44,35,23,0.868570765417561
44,69,63,0.835778627512141
44,63,44,0.847577291369862
44,22,6,0.89914505939131
44,1,63,0.835702675002316
44,91,88,0.804787813209709
44,34,87,0.810558382740328
44,39,13,0.888213090373683
44,24,52,0.838489243788139
44,31,65,0.817015568764342
44,28,5,0.901061099504983
44,96,54,0.808996299218809
44,18,12,0.889121075919653
44,72,56,0.818385879986305
44,92,99,0.796923067869204
26,14,3,0.912091810324866
26,82,11,0.858373450599956
26,53,64,0.829411378170618
26,73,31,0.854256015533525
26,30,59,0.831305692594128
26,12,21,0.864817640169235
26,36,62,0.830100226736169
26,66,83,0.818838684953122
26,29,68,0.827119185130169
26,80,63,0.800625083082029
26,20,38,0.850070147947325
26,25,48,0.838051520777765
26,35,35,0.85119350352728
26,69,90,0.81604589597794
26,22,42,0.845911950823155
26,1,8,0.887017967839809
26,91,88,0.804514308874685
26,34,13,0.873487584405259
26,38,24,0.861648824600302
26,39,27,0.861479472497326
26,19,39,0.847447273344209
26,24,23,0.86253066170325
26,31,57,0.82227034191901
26,49,1,0.964080337102639
26,50,6,0.890622590686543
26,47,82,0.815993995377058
26,58,40,0.843740326335373
26,56,1,0.909594156679471
26,72,44,0.82660090094174
26,8,9,0.88384932232642
89,60,22,0.874594519629352
89,12,47,0.846854645326342
89,29,68,0.833384059965797
89,40,24,0.864012706396027
89,99,64,0.801184610662774
89,34,62,0.827597463390968
89,38,59,0.840468857770502
89,19,4,0.900515856120587
89,31,96,0.789489162394389
89,97,92,0.776475974495046
89,96,6,0.889124977039607
89,18,45,0.849351337509326
14,82,2,0.88748408467948
14,53,69,0.824613421989272
14,73,69,0.830948986732563
14,46,96,0.818990717514788
14,30,46,0.851464591746083
14,12,41,0.855710032737829
14,36,78,0.828098364702881
14,85,60,0.840861981184422
14,29,69,0.831421918061968
14,80,31,0.839224208021801
14,20,52,0.845585030387617
14,25,21,0.880920441866004
14,40,88,0.822439067172967
14,35,22,0.878566294311383
14,99,78,0.792366431667601
14,84,52,0.829262826750975
14,69,86,0.82374493250795
14,22,11,0.901440604091409
14,1,9,0.90219864454425
14,91,38,0.846253821248895
14,34,10,0.883381638249544
14,38,93,0.819696538882448
14,39,8,0.906869016989991
14,19,74,0.82925887747087
14,24,1,0.947174085580146
14,31,58,0.821442456583396
14,49,8,0.875140008664275
14,50,4,0.912746225487455
14,97,47,0.818942515578025
14,47,66,0.823267945017841
14,28,93,0.820428209518347
14,58,18,0.871912151325022
14,56,21,0.867333085933983
14,72,26,0.852769249735329
14,8,39,0.857056346003354
82,73,7,0.867140928842546
82,30,60,0.797805642526585
82,12,8,0.862246867423321
82,36,92,0.781064777793296
82,66,52,0.803735930838253
82,29,14,0.853259692748425
82,80,82,0.786923652214188
82,20,80,0.788070487987085
82,54,36,0.819153053070311
82,25,34,0.82201955232322
82,40,57,0.800177810046828
82,35,20,0.845733323572274
82,69,43,0.808532121186666
82,22,45,0.808214168285597
82,1,35,0.819862765732107
82,34,24,0.83240205457805
82,38,32,0.823304709290387
82,39,47,0.807077112975007
82,19,70,0.794070994054561
82,24,16,0.84793482526979
82,49,5,0.871005202261834
82,50,1,0.889121567752417
82,47,50,0.806185440552283
82,58,57,0.799653244939419
82,56,73,0.792269177435462
82,18,84,0.785977538856209
82,72,52,0.80362483237531
82,8,32,0.822585210305273
53,60,85,0.817656985562678
53,46,21,0.868265852201564
53,12,61,0.830157952773127
53,36,32,0.856027459317486
53,66,33,0.854568214903323
53,20,20,0.868903445753263
53,54,18,0.87095278894675
53,40,33,0.854569858469585
53,35,54,0.83421540149679
53,93,10,0.881387358916854
53,69,26,0.864124868840152
53,63,17,0.872557875509172
53,22,16,0.874834602553126
53,34,26,0.860466382567993
53,38,19,0.869856428610021
53,39,29,0.859465506311209
53,49,26,0.852785616706831
53,28,14,0.879350257476582
53,18,40,0.843670506067488
53,72,95,0.791816515791031
53,92,36,0.833284916446341
73,12,3,0.909951280486311
73,66,18,0.868285258670693
73,29,1,0.932863546647745
73,80,35,0.836812713400988
73,54,52,0.840949743424117
73,25,70,0.824240479305298
73,69,46,0.850039252391892
73,1,87,0.818336017185303
73,34,73,0.822013501700195
73,38,11,0.880483965239056
73,19,48,0.844966278621012
73,24,63,0.82360305614873
73,49,3,0.9028320336684
73,96,99,0.783887667079181
73,58,64,0.816675054439705
73,56,48,0.838259479895234
73,72,68,0.809823067457166
73,8,75,0.824522777906617
73,92,58,0.817244123509901
60,46,61,0.838952214130614
60,12,56,0.843706052852431
60,78,24,0.870161523910044
60,36,22,0.871363787796635
60,66,56,0.844248942027782
60,20,26,0.871613614352997
60,54,16,0.884727797729019
60,40,16,0.871101377497395
60,63,27,0.870926816075555
60,38,55,0.844924593237663
60,19,12,0.892480450906053
60,28,48,0.853311797798452
60,96,54,0.808894895386485
60,18,1,0.93477947934264
46,78,45,0.844953709201466
46,36,15,0.881336136013978
46,85,65,0.842596750045927
46,66,18,0.889260808395613
46,20,5,0.907496497175591
46,54,83,0.835959625469622
46,40,40,0.854228792323284
46,35,46,0.856333991759224
46,93,34,0.851079352138385
46,69,15,0.88955503525312
46,63,7,0.898185890428334
46,22,7,0.900930437067325
46,34,94,0.806965767437669
46,39,55,0.850768829873721
46,49,99,0.799111742840515
46,28,16,0.890404635789219
46,18,1,0.919315585733632
46,92,38,0.829416693833421
30,12,92,0.812162403113309
30,36,26,0.863879784251638
30,85,26,0.879774204813199
30,20,60,0.844348004093104
30,25,17,0.889357864601043
30,40,98,0.808697904533072
30,35,11,0.90148297391091
30,99,87,0.78874907592317
30,84,19,0.862588919705271
30,22,38,0.863422200916281
30,1,10,0.928628390224139
30,91,6,0.900125062175495
30,34,83,0.815461009256232
30,39,32,0.869494136181299
30,24,11,0.88917900686681
30,31,4,0.932027967773619
30,50,25,0.854956345938785
30,97,64,0.79800002588282
30,28,80,0.823471660536167
30,96,59,0.805105482795727
30,58,66,0.814695932209264
30,18,95,0.811482368100755
30,72,19,0.862392259928508
30,8,58,0.848147673756633
12,78,42,0.847009624648777
12,36,52,0.844306141824829
12,66,61,0.846987880082261
12,29,17,0.885574311296361
12,80,40,0.832725653385508
12,20,74,0.841115045922744
12,54,9,0.897107345359258
12,25,67,0.825336471095695
12,40,30,0.859200221889419
12,99,92,0.783209554699385
12,93,53,0.84123251314696
12,69,73,0.839151878366123
12,1,8,0.899544676293489
12,91,80,0.80946361469807
12,34,20,0.868150225838375
12,38,13,0.890434191669067
12,19,12,0.891576304160612
12,24,39,0.855373167759674
12,31,60,0.820313386690537
12,49,14,0.867626672400892
12,50,97,0.789924189476954
12,96,46,0.812651768622247
12,58,73,0.809139011248736
12,56,11,0.877489707932582
12,18,71,0.842586943791144
12,72,20,0.858881516791309
12,8,12,0.892016943846654
12,92,26,0.844012213641975
78,36,13,0.880784630147663
78,66,63,0.831712058375206
78,20,25,0.869314845984287
78,54,19,0.874750336364788
78,40,55,0.836008489629406
78,93,51,0.838921702974238
78,63,9,0.88964320762226
78,19,97,0.817398859969041
78,28,68,0.829947526485374
78,56,71,0.820880403356416
78,18,11,0.884093144083087
36,85,36,0.853636392385861
36,66,47,0.844657636828489
36,20,2,0.923624404297422
36,54,37,0.853205680034212
36,40,41,0.852129330468729
36,35,28,0.863139623168915
36,93,90,0.820912463779852
36,63,14,0.882596833921844
36,22,17,0.879929453359021
36,1,56,0.841369881995265
36,91,59,0.819839495932697
36,39,42,0.851210873216086
36,24,74,0.819429346937509
36,31,43,0.833338074184639
36,49,88,0.802653334518408
36,28,8,0.903017950637605
36,96,58,0.806330901072712
36,18,2,0.923647107726449
36,72,12,0.878421663012823
85,20,22,0.882112497611206
85,35,5,0.912464873064334
85,22,7,0.91073542540687
85,91,31,0.85936809449597
85,39,3,0.932745651253471
85,50,61,0.821026050270579
85,28,50,0.85411830227835
85,72,90,0.793670035154831
66,20,42,0.867610605906729
66,54,9,0.897465285964882
66,40,34,0.857794001009514
66,93,23,0.862720908806739
66,69,4,0.915406197089116
66,63,12,0.888878316155443
66,22,78,0.852104526051311
66,49,31,0.843876134406931
66,28,74,0.846779513030276
66,18,29,0.875076685540526
66,72,54,0.820293802152362
66,92,43,0.827271874337409
29,80,2,0.899425457262149
29,25,7,0.909275959180396
29,40,42,0.851479215173846
29,99,15,0.863211248514511
29,1,14,0.893812130447496
29,34,29,0.857888883663997
29,38,13,0.890136776336735
29,19,6,0.911123847993424
29,24,37,0.856273592150436
29,31,32,0.84725091104797
29,49,34,0.840807010500314
29,50,87,0.798684143795165
29,97,41,0.827688071703156
29,47,66,0.823154011274906
29,96,20,0.846984585378231
29,58,11,0.885146559260075
29,56,77,0.818198661836257
29,18,85,0.824214202958078
29,72,92,0.792958955950902
29,8,13,0.898040847983168
80,25,4,0.893293352928555
80,99,14,0.864715412353638
80,1,11,0.879157357952977
80,34,44,0.827063975357255
80,19,35,0.837360632391301
80,24,10,0.880430170563978
80,31,42,0.82923501955171
80,97,13,0.871730809861289
80,47,48,0.824511079291379
80,96,88,0.787022846669041
80,58,11,0.878622313912887
80,56,60,0.808862942882259
80,72,93,0.783143831112049
80,8,8,0.884681480433349
20,54,50,0.858839952286675
20,40,27,0.861380968173377
20,35,25,0.880059607210472
20,93,45,0.845098983632126
20,69,41,0.855819706966721
20,63,34,0.865461387357567
20,22,10,0.913459830613404
20,1,91,0.826732076941208
20,91,20,0.868932626657696
20,34,73,0.822027351280463
20,39,18,0.893011320390215
20,24,86,0.814559890823061
20,31,76,0.807575938577839
20,49,59,0.818048569588828
20,28,2,0.92487872109376
20,56,57,0.82976383046712
20,18,9,0.914107992035396
20,72,14,0.872890969279043
54,40,8,0.894268242252832
54,93,6,0.892596532182214
54,63,42,0.857948286306441
54,34,79,0.816529729310672
54,38,29,0.87181063018565
54,19,89,0.833533547242191
54,49,55,0.820180307644573
54,96,59,0.804798834819186
54,18,19,0.889754069004642
25,40,78,0.819391504795661
25,99,6,0.888932303747428
25,84,16,0.86746652742697
25,1,2,0.940275847170241
25,34,21,0.866751510074295
25,19,59,0.832065451379265
25,24,2,0.933110715389007
25,31,3,0.936388301960472
25,49,60,0.817490400936589
25,50,52,0.832784790670366
25,97,8,0.888218319997045
25,47,58,0.829755919528309
25,96,9,0.872923211447124
25,58,8,0.899265018724868
25,18,86,0.812733725003327
25,72,80,0.799747915111044
25,8,20,0.886164451572423
40,99,59,0.808253080109594
40,93,41,0.846122731335677
40,63,11,0.880731996237154
40,22,41,0.852052902538878
40,1,41,0.851691634127911
40,34,27,0.858851072580321
40,38,46,0.850870802915911
40,19,15,0.871845603505635
40,24,66,0.822970109742347
40,31,41,0.833605466920252
40,28,37,0.856170603240155
40,96,19,0.851086403350317
40,18,2,0.925090382553414
40,72,83,0.798184321427589
40,92,43,0.826730424713845
35,69,64,0.844224125714005
35,22,2,0.942440908657362
35,1,69,0.840977342197129
35,91,13,0.891472847988285
35,39,4,0.934026382635058
35,24,37,0.858949434166824
35,49,23,0.856071106177762
35,50,12,0.879792336579619
35,28,50,0.860838568597278
35,72,6,0.895220314106564
35,92,75,0.804605545879861
99,84,49,0.815708391371791
99,1,9,0.883666621891333
99,34,35,0.827841186911133
99,38,71,0.795651532469174
99,19,35,0.828326477176771
99,24,19,0.854019544751327
99,31,13,0.867533368480339
99,97,5,0.889697078057419
99,47,95,0.780504134502741
99,96,24,0.839188189598552
99,58,10,0.879792862385069
99,8,8,0.885931463036194
93,69,48,0.844023946857206
93,63,18,0.869872257984778
93,22,26,0.859135400593235
93,28,22,0.863813243513361
93,18,64,0.836267137472728
93,92,79,0.804482618600915
84,1,6,0.891366477627776
84,24,43,0.834309079200484
84,31,23,0.861081295926175
84,50,28,0.852207798183473
84,97,10,0.876984156153739
84,47,4,0.892707808629489
84,58,34,0.845690869232976
84,8,39,0.837827325507713
69,22,70,0.841271107076994
69,38,47,0.851923658531789
69,39,99,0.827351734613294
69,49,24,0.854472973651513
69,28,42,0.855023157379495
69,18,78,0.836332528037354
69,72,62,0.814983707511715
69,92,3,0.894060210778516
63,22,15,0.88744427147299
63,34,67,0.824581173854045
63,39,76,0.835427420116734
63,28,20,0.882432798462575
63,18,5,0.904133869336959
22,1,69,0.840822350665109
22,91,20,0.868813116892875
22,34,54,0.834649891620379
22,39,1,0.967819487151351
22,24,22,0.873284680231805
22,49,45,0.825525545112482
22,50,69,0.816114673925256
22,28,4,0.914645627488558
22,18,49,0.859011458080233
22,72,23,0.856632787946631
1,91,32,0.858236662111478
1,34,1,0.903582424904506
1,38,67,0.841897804790479
1,39,76,0.838862086158204
1,19,30,0.876146372677723
1,24,4,0.926411117827922
1,31,2,0.938303393851663
1,49,28,0.850044233624382
1,50,12,0.880068892527579
1,97,14,0.869750562662238
1,47,12,0.886441560370058
1,96,23,0.840046933369638
1,58,2,0.914161049192154
1,56,31,0.852086233978882
1,18,94,0.825798666561278
1,72,32,0.842702918471759
1,8,3,0.942977941721483
91,39,8,0.896373444290672
91,24,36,0.846579719047796
91,31,86,0.795277121719771
91,50,66,0.818047427821934
91,28,34,0.850616153861952
91,72,4,0.901553727812766
34,38,16,0.872595423186136
34,39,62,0.82787379214226
34,19,5,0.895864773483469
34,24,19,0.869340257012665
34,31,44,0.832138636412563
34,49,33,0.842573234008907
34,50,85,0.800499923543848
34,97,84,0.784254849465366
34,28,87,0.811273726787611
34,96,46,0.81264792014871
34,58,31,0.851059104850168
34,56,44,0.840253051740748
34,18,53,0.835700048036466
34,8,6,0.887673567752699
38,19,1,0.940356781309742
38,49,5,0.886395300147001
38,58,73,0.808733561039991
38,56,40,0.845066599988994
38,18,72,0.842069190404549
38,8,8,0.89579006500659
38,92,56,0.817747655090889
39,24,16,0.881466571841816
39,49,43,0.829214025978278
39,50,46,0.837498630413282
39,28,15,0.896303477052794
39,72,27,0.851945101297931
19,24,70,0.820473744345033
19,31,41,0.833813879819693
19,49,62,0.813107029290887
19,97,65,0.795968785695633
19,47,78,0.818199056085879
19,96,30,0.829238584014707
19,58,42,0.837382850861977
19,56,16,0.872679708181381
19,18,29,0.874657582081552
19,8,10,0.907113406373828
24,31,18,0.879241503299781
24,49,35,0.840379062267351
24,50,20,0.869883237132917
24,97,25,0.848743071763854
24,28,79,0.816208818652858
24,96,73,0.796846663523204
24,58,15,0.879285896853399
24,56,79,0.815722150919275
24,18,99,0.804855600433615
24,72,14,0.873034511495777
24,8,47,0.845557312434164
24,92,85,0.803481524611289
31,97,26,0.845885365790313
31,47,53,0.825276058687514
31,96,2,0.90506204187785
31,58,22,0.863099418779339
31,18,34,0.84165799897941
31,72,65,0.81310705732019
31,8,13,0.896547496280762
49,50,9,0.871744351707222
49,58,62,0.812946550706264
49,56,9,0.871698927476364
49,72,41,0.830377533011014
49,8,27,0.852271223543886
50,97,99,0.767506854225218
50,47,10,0.884871361328993
50,58,37,0.846204019294253
50,72,83,0.797567759927718
50,8,45,0.838008818253003
97,47,46,0.819771436210795
97,96,56,0.805454153708091
97,58,3,0.910965576823632
97,8,23,0.849713288293195
47,58,25,0.858601356232801
47,8,2,0.916599277592247
28,18,14,0.896731093490246
28,72,23,0.856928748830555
28,92,18,0.85318231808272
96,58,72,0.797616226933477
96,18,10,0.871635654607993
96,8,35,0.820336698757253
58,8,6,0.906592909409225
56,8,43,0.841654924522293
18,72,67,0.811262701075499
18,92,60,0.816049699650825
72,92,62,0.81409687507387
